cell,vertex,x,y
0,0,-5,6
0,1,-4.875,5.125
0,2,-4.875,5.25
1,0,-5,6
1,1,-4.875,5.75
1,2,-4.875,5.875
2,0,-5,6
2,1,-4.875,5.25
2,2,-4.875,5.375
3,0,-4.875,5.75
3,1,-4.75,5.625
3,2,-4.875,5.875
4,0,-4.875,5.125
4,1,-4.75,4.625
4,2,-4.75,4.75
5,0,-5,6
5,1,-4.875,5.375
5,2,-4.875,5.625
6,0,-4.875,5.125
6,1,-4.75,4.5
6,2,-4.75,4.625
7,0,-5,6
7,1,-4.875,5.625
7,2,-4.875,5.75
8,0,-4.875,5.125
8,1,-4.75,4.75
8,2,-4.875,5.25
9,0,-5,6
9,1,-4.875,5.875
9,2,-4.5,5.625
10,0,-4.875,5.125
10,1,-4.75,4.25
10,2,-4.75,4.5
11,0,-4.875,5.25
11,1,-4.75,4.75
11,2,-4.875,5.375
12,0,-4.75,4.25
12,1,-4.625,3.375
12,2,-4.625,3.5
13,0,-4.875,5.75
13,1,-4.75,5.375
13,2,-4.625,5.125
13,3,-4.625,5.25
14,0,-4.875,5.375
14,1,-4.75,4.75
14,2,-4.75,5.25
15,0,-4.75,4.75
15,1,-4.625,4
15,2,-4.5,4
16,0,-4.875,5.875
16,1,-4.75,5.75
16,2,-4.5,5.625
17,0,-4.25,1.25
17,1,-4.125,0.625
17,2,-4.125,1
18,0,-4.875,5.375
18,1,-4.75,5.25
18,2,-4.875,5.625
19,0,-4.75,4.25
19,1,-4.625,3.5
19,2,-4.625,4
20,0,-4.875,5.625
20,1,-4.75,5.25
20,2,-4.75,5.375
21,0,-4.875,5.625
21,1,-4.75,5.375
21,2,-4.875,5.75
22,0,-4.75,4.5
22,1,-4.625,4
22,2,-4.75,4.625
23,0,-4.875,5.875
23,1,-4.75,5.625
23,2,-4.625,5.5
24,0,-4.75,4.25
24,1,-4.625,4
24,2,-4.75,4.5
25,0,-4.75,4.625
25,1,-4.625,4
25,2,-4.75,4.75
26,0,-4.75,5.625
26,1,-4.625,5.375
26,2,-4.5,5.25
27,0,-4.625,3.375
27,1,-4.5,2.625
27,2,-4.5,2.75
28,0,-4.75,4.75
28,1,-4.5,4.875
28,2,-4.75,5.25
29,0,-4.625,3.375
29,1,-4.5,2.875
29,2,-4.625,3.5
30,0,-4.75,5.25
30,1,-4.625,5.125
30,2,-4.75,5.375
31,0,-4.625,3.375
31,1,-4.5,2.5
31,2,-4.5,2.625
32,0,-4.875,5.875
32,1,-4.625,5.5
32,2,-4.75,5.75
33,0,-4.625,3.5
33,1,-4.5,2.875
33,2,-4.5,3.125
34,0,-4.875,5.75
34,1,-4.625,5.25
34,2,-4.75,5.625
35,0,-4.625,3.375
35,1,-4.5,2.75
35,2,-4.5,2.875
36,0,-4.75,5.625
36,1,-4.625,5.25
36,2,-4.625,5.375
37,0,-4.625,3.5
37,1,-4.5,3.125
37,2,-4.375,2.875
38,0,-4.375,2.125
38,1,-4.25,1.75
38,2,-4.25,2.375
39,0,-4.75,5.75
39,1,-4.625,5.5
39,2,-4.375,5.375
40,0,-5,6
40,1,-4.5,5.625
40,2,-4.125,5.375
41,0,-4.75,5.625
41,1,-4.5,5.25
41,2,-4.625,5.5
42,0,-4.75,4.75
42,1,-4.5,4.25
42,2,-4.5,4.875
43,0,-4.625,5.25
43,1,-4.5,4.875
43,2,-4.375,5
44,0,-4.5,2.5
44,1,-4.375,1.625
44,2,-4.375,1.75
45,0,-4.625,3.5
45,1,-4.375,2.875
45,2,-4.625,4
46,0,-4.5,2.5
46,1,-4.375,1.75
46,2,-4.375,1.875
47,0,-4.75,5.25
47,1,-4.5,4.875
47,2,-4.625,5.125
48,0,-4.5,2.5
48,1,-4.375,2.125
48,2,-4.5,2.625
49,0,-4.625,4
49,1,-4.375,2.875
49,2,-4.375,3.375
50,0,-4.5,2.5
50,1,-4.375,1.875
50,2,-4.375,2.125
51,0,-4.75,4.75
51,1,-4.5,4
51,2,-4.5,4.25
52,0,-4.625,4
52,1,-4.375,3.375
52,2,-4.5,4
53,0,-4.625,5.125
53,1,-4.5,4.875
53,2,-4.625,5.25
54,0,-4.5,2.75
54,1,-4.375,2.125
54,2,-4.5,2.875
55,0,-4.625,5.25
55,1,-4.5,5.25
55,2,-4.625,5.375
56,0,-4.5,2.625
56,1,-4.375,2.125
56,2,-4.5,2.75
57,0,-4.5,5.625
57,1,-4,5.25
57,2,-4.125,5.375
58,0,-4.5,4
58,1,-4.25,3.75
58,2,-4.5,4.25
59,0,-4.5,2.875
59,1,-4.375,2.125
59,2,-4.375,2.875
60,0,-4.375,5.375
60,1,-4.125,5.25
60,2,-4.25,5.375
61,0,-4.375,5.375
61,1,-4.25,4.875
61,2,-4.125,5.125
62,0,-4.5,4.875
62,1,-4.125,4.5
62,2,-4.375,5
63,0,-4.5,2.875
63,1,-4.375,2.875
63,2,-4.5,3.125
64,0,-4.125,0.375
64,1,-4,-0.125
64,2,-4.125,0.625
65,0,-4.375,1.625
65,1,-4.25,0.75
65,2,-4.25,0.875
66,0,-4.125,5.375
66,1,-3.5,4.875
66,2,-3.625,5
67,0,-4.375,1.625
67,1,-4.25,1
67,2,-4.375,1.75
68,0,-4.375,1.875
68,1,-4.25,1.25
68,2,-4.375,2.125
69,0,-4.375,1.625
69,1,-4.25,0.875
69,2,-4.25,1
70,0,-4.25,1
70,1,-4.125,0.625
70,2,-4.25,1.25
71,0,-4.5,5.25
71,1,-4.375,5
71,2,-4.25,4.875
72,0,-4.375,1.75
72,1,-4.25,1.25
72,2,-4.375,1.875
73,0,-4.5,5.625
73,1,-4.375,5.5
73,2,-4,5.25
74,0,-4.375,1.75
74,1,-4.25,1
74,2,-4.25,1.25
75,0,-4.375,2.875
75,1,-4.25,2.375
75,2,-4,2.5
76,0,-4.5,4
76,1,-4.375,3.375
76,2,-4.25,3.75
77,0,-4.625,5.25
77,1,-4.375,5
77,2,-4.5,5.25
78,0,-4.375,2.125
78,1,-4.25,1.25
78,2,-4.25,1.75
79,0,-4.625,5.5
79,1,-4.5,5.25
79,2,-4.375,5.375
80,0,-4.25,0.75
80,1,-4.125,-0.125
80,2,-4.125,0
81,0,-4.75,5.75
81,1,-4.375,5.375
81,2,-4.375,5.5
82,0,-4.125,0.375
82,1,-4,-0.625
82,2,-4,-0.125
83,0,-4.75,5.75
83,1,-4.375,5.5
83,2,-4.5,5.625
84,0,-4.25,0.875
84,1,-4.125,0
84,2,-4.125,0.375
85,0,-4.375,2.125
85,1,-4.25,2.375
85,2,-4.375,2.875
86,0,-4.25,0.75
86,1,-4.125,0
86,2,-4.25,0.875
87,0,-2.875,-1.375
87,1,-2.75,-1.75
87,2,-2.75,-1.375
88,0,-3.875,-0.5
88,1,-3.625,-0.625
88,2,-3.75,-0.25
89,0,-4.25,2.375
89,1,-4,1.625
89,2,-4,2.5
90,0,-4.125,5.25
90,1,-3.625,4.75
90,2,-3.875,5.125
91,0,-4.125,0.625
91,1,-4,0.25
91,2,-3.875,0.375
92,0,-4.375,2.875
92,1,-4,2.5
92,2,-4.375,3.375
93,0,-4.125,0.625
93,1,-4,-0.125
93,2,-4,0.25
94,0,-4.25,0.875
94,1,-4.125,0.375
94,2,-4.125,0.625
95,0,-4.5,4.25
95,1,-4.25,3.75
95,2,-4.5,4.875
96,0,-4.25,0.875
96,1,-4.125,0.625
96,2,-4.25,1
97,0,-4.375,5.375
97,1,-4.25,5.375
97,2,-4.375,5.5
98,0,-4,1.25
98,1,-3.75,0.625
98,2,-4,1.625
99,0,-4.5,5.25
99,1,-4.25,4.875
99,2,-4.375,5.375
100,0,-3.875,1.875
100,1,-3.375,1.375
100,2,-3.75,2.125
101,0,-4.375,5.5
101,1,-4.25,5.375
101,2,-4,5.25
102,0,-4.25,1.25
102,1,-4.125,1
102,2,-4.25,1.75
103,0,-3.625,-1
103,1,-3.375,-1.125
103,2,-3.625,-0.625
104,0,-4.25,1.75
104,1,-4.125,1
104,2,-4,1.625
105,0,-4.125,-0.125
105,1,-4,-1
105,2,-4,-0.875
106,0,-4.125,0
106,1,-4,-0.875
106,2,-4,-0.625
107,0,-4.25,3.75
107,1,-3.75,3.875
107,2,-4.125,4.5
108,0,-4.125,-0.125
108,1,-4,-0.875
108,2,-4.125,0
109,0,-4.5,4.875
109,1,-4.25,3.75
109,2,-4.125,4.5
110,0,-4.375,3.375
110,1,-4,2.75
110,2,-4.125,3.125
111,0,-4.125,4.5
111,1,-3.75,3.875
111,2,-3.875,4.25
112,0,-4.125,0
112,1,-4,-0.625
112,2,-4.125,0.375
113,0,-3.875,4.625
113,1,-3.625,4.75
113,2,-3.875,4.75
114,0,-4.125,1
114,1,-4,1.25
114,2,-4,1.625
115,0,-4.375,5
115,1,-4.125,4.5
115,2,-4.25,4.875
116,0,-4,-0.125
116,1,-3.875,0.375
116,2,-4,0.25
117,0,-4.375,3.375
117,1,-4.125,3.125
117,2,-4.25,3.75
118,0,-3.5,-0.5
118,1,-3.25,-1.125
118,2,-3,-0.625
119,0,-4.25,3.75
119,1,-4.125,3.125
119,2,-4,2.75
120,0,-4.25,5.375
120,1,-4.125,5.25
120,2,-3.875,5.125
121,0,-3.875,5.125
121,1,-3.625,4.875
121,2,-3,4.375
122,0,-4.375,5.375
122,1,-4.125,5.125
122,2,-4.125,5.25
123,0,-4,-0.875
123,1,-3.875,-0.875
123,2,-3.875,-0.5
124,0,-4,1.625
124,1,-3.875,1.875
124,2,-4,2.5
125,0,-4,-1
125,1,-3.875,-1.125
125,2,-4,-0.875
126,0,-4.25,4.875
126,1,-4.125,4.5
126,2,-3.875,4.5
127,0,-4,-0.875
127,1,-3.875,-1.125
127,2,-3.875,-0.875
128,0,-4.125,4.5
128,1,-3.875,4.25
128,2,-3.875,4.5
129,0,-4.125,1
129,1,-3.75,0.625
129,2,-4,1.25
130,0,-4.25,1.75
130,1,-4,1.625
130,2,-4.25,2.375
131,0,-4,-0.625
131,1,-3.875,-0.5
131,2,-4,-0.125
132,0,-4,4.875
132,1,-3.875,4.5
132,2,-3.875,4.625
133,0,-4,1.625
133,1,-3.625,0.875
133,2,-3.875,1.875
134,0,-4.125,5.375
134,1,-4,5.25
134,2,-3.5,4.875
135,0,-4,4.875
135,1,-3.875,4.75
135,2,-3.625,4.75
136,0,-4.375,3.375
136,1,-4,2.5
136,2,-4,2.75
137,0,-4,-0.875
137,1,-3.875,-0.5
137,2,-4,-0.625
138,0,-4.25,4.875
138,1,-4,4.875
138,2,-4.125,5.125
139,0,-4,-0.125
139,1,-3.875,-0.5
139,2,-3.875,0.375
140,0,-4.125,0.625
140,1,-3.875,0.375
140,2,-4.125,1
141,0,-3.875,-0.875
141,1,-3.75,-1.25
141,2,-3.75,-0.875
142,0,-3.875,4.25
142,1,-3.625,4.125
142,2,-3.875,4.5
143,0,-4,2.5
143,1,-3.75,2.5
143,2,-4,2.75
144,0,-3.75,-0.25
144,1,-3.625,-0.625
144,2,-3.5,-0.5
145,0,-4.25,4.875
145,1,-3.875,4.5
145,2,-4,4.875
146,0,-3.875,-1.125
146,1,-3.75,-1.25
146,2,-3.875,-0.875
147,0,-3.875,-0.5
147,1,-3.75,-0.875
147,2,-3.625,-0.625
148,0,-3.875,-0.875
148,1,-3.75,-0.875
148,2,-3.875,-0.5
149,0,-4.125,5.125
149,1,-3.625,4.75
149,2,-4.125,5.25
150,0,-3.875,-0.5
150,1,-3.75,-0.25
150,2,-3.875,0.375
151,0,-3.625,4.75
151,1,-3.375,4.375
151,2,-3.25,4.25
152,0,-4,1.625
152,1,-3.75,0.625
152,2,-3.625,0.875
153,0,-4.25,5.375
153,1,-3.875,5.125
153,2,-4,5.25
154,0,-3.75,3.875
154,1,-2.75,3.375
154,2,-3.25,4
155,0,-4.25,3.75
155,1,-4,2.75
155,2,-3.75,3.625
156,0,-3.875,4.25
156,1,-3.75,3.875
156,2,-3.625,4.125
157,0,-4.25,3.75
157,1,-3.75,3.625
157,2,-3.75,3.875
158,0,-3.875,0.375
158,1,-3.75,-0.25
158,2,-3.75,0.125
159,0,-3.5,4.875
159,1,-3.375,4.75
159,2,-3,4.5
160,0,-3.875,1.875
160,1,-3.625,0.875
160,2,-3.375,1.375
161,0,-4,4.875
161,1,-3.875,4.625
161,2,-3.875,4.75
162,0,-4,2.5
162,1,-3.75,2.125
162,2,-3.75,2.5
163,0,-4,5.25
163,1,-3.875,5.125
163,2,-3.5,4.875
164,0,-4,2.5
164,1,-3.875,1.875
164,2,-3.75,2.125
165,0,-3.875,4.5
165,1,-3.375,4.375
165,2,-3.625,4.75
166,0,-4.125,5.125
166,1,-4,4.875
166,2,-3.625,4.75
167,0,-3.75,2.125
167,1,-3.375,1.375
167,2,-3.75,2.5
168,0,-4.125,1
168,1,-3.875,0.375
168,2,-3.75,0.625
169,0,-3.75,-1.25
169,1,-3.625,-1.375
169,2,-3.625,-1
170,0,-3.625,-1
170,1,-3.375,-1.25
170,2,-3.375,-1.125
171,0,-3.75,-0.875
171,1,-3.625,-1
171,2,-3.625,-0.625
172,0,-3.875,4.5
172,1,-3.625,4.75
172,2,-3.875,4.625
173,0,-3.75,2.5
173,1,-3.375,2.875
173,2,-3.75,3.625
174,0,-4,2.75
174,1,-3.75,2.5
174,2,-3.75,3.625
175,0,-3.75,-1.25
175,1,-3.625,-1
175,2,-3.75,-0.875
176,0,-3.375,-1.625
176,1,-3.25,-1.125
176,2,-3.375,-1.25
177,0,-3.625,-1.375
177,1,-3.5,-1.5
177,2,-3.625,-1
178,0,-3.625,-0.625
178,1,-3.25,-1.125
178,2,-3.5,-0.5
179,0,-3.75,2.5
179,1,-3.375,1.375
179,2,-3.375,2
180,0,-3.75,0.125
180,1,-3.5,-0.5
180,2,-3.5,0.125
181,0,-3.5,0.125
181,1,-3.375,0.125
181,2,-3.375,0.375
182,0,-3.625,-0.625
182,1,-3.375,-1.125
182,2,-3.25,-1.125
183,0,-4.125,5.375
183,1,-3.625,5
183,2,-3.25,4.75
184,0,-1.375,-0.75
184,1,-0.75,-0.625
184,2,-1.375,-0.125
185,0,-3.75,-0.25
185,1,-3.5,-0.5
185,2,-3.75,0.125
186,0,-3.875,0.375
186,1,-3.75,0.125
186,2,-3.5,0.125
187,0,-3.75,3.875
187,1,-3.375,2.875
187,2,-3.125,3.25
188,0,-3.875,0.375
188,1,-3.5,0.125
188,2,-3.75,0.625
189,0,-3.75,0.625
189,1,-3.5,0.125
189,2,-3.375,0.375
190,0,-3.125,-1.5
190,1,-2.75,-1.75
190,2,-2.875,-1.375
191,0,-3.625,4.75
191,1,-3,4.375
191,2,-3.625,4.875
192,0,-3.25,4.75
192,1,-2.25,4
192,2,-1,3.125
193,0,-3.625,-1
193,1,-3.5,-1.5
193,2,-3.375,-1.25
194,0,-3.875,4.5
194,1,-3.625,4.125
194,2,-3.375,4.125
195,0,-3,4.5
195,1,-2.125,3.875
195,2,-1.75,3.625
196,0,-3.375,-1.25
196,1,-3.25,-1.125
196,2,-3.375,-1.125
197,0,-3.875,5.125
197,1,-3,4.375
197,2,-3.375,4.75
198,0,-3.375,2.875
198,1,-3.125,1.875
198,2,-2.75,2.125
199,0,-3.5,-1.5
199,1,-3.375,-1.625
199,2,-3.375,-1.25
200,0,-3.875,5.125
200,1,-3.625,4.75
200,2,-3.625,4.875
201,0,-3,-0.625
201,1,-2.25,-1
201,2,-2.625,-0.5
202,0,-2.75,2.125
202,1,-2.5,1.625
202,2,-1.75,2.125
203,0,-3.75,2.5
203,1,-3.375,2
203,2,-3.125,1.875
204,0,-3.625,5
204,1,-3.5,4.875
204,2,-3.25,4.75
205,0,-3.75,3.625
205,1,-3.375,2.875
205,2,-3.75,3.875
206,0,-3.875,4.5
206,1,-3.375,4.125
206,2,-3.375,4.375
207,0,-2.5,1.625
207,1,-1.5,1.125
207,2,-1.75,1.5
208,0,-3.625,4.75
208,1,-3.25,4.25
208,2,-3.125,4.25
209,0,-2.25,-1
209,1,-1.5,-1.875
209,2,-1.25,-1.25
210,0,-3.875,5.125
210,1,-3.375,4.75
210,2,-3.5,4.875
211,0,-3,4.5
211,1,-1.375,3.25
211,2,-2.125,3.875
212,0,-3.5,-0.5
212,1,-3,-0.625
212,2,-3.375,0.125
213,0,1,-3
213,1,1.125,-2.875
213,2,1,-2.875
214,0,-3.25,-1.125
214,1,-3.125,-1.5
214,2,-2.875,-1.375
215,0,-2.5,-2.125
215,1,-2,-2.25
215,2,-2.125,-2.125
216,0,-3.5,-0.5
216,1,-3.375,0.125
216,2,-3.5,0.125
217,0,-3.625,0.875
217,1,-3.25,0.625
217,2,-3.375,1.375
218,0,-3.75,0.625
218,1,-3.375,0.375
218,2,-3.25,0.625
219,0,-1.75,1.5
219,1,-1.25,1.5
219,2,-1.75,2.125
220,0,-3.125,1.875
220,1,-2.875,1.125
220,2,-2.625,1
221,0,-2.75,2.125
221,1,-2.625,2.5
221,2,-2.75,2.25
222,0,-3.75,0.625
222,1,-3.25,0.625
222,2,-3.625,0.875
223,0,-3.75,3.875
223,1,-3.25,4
223,2,-3.625,4.125
224,0,-3.375,0.125
224,1,-3.25,0.625
224,2,-3.375,0.375
225,0,-3.5,4.875
225,1,-2.25,4
225,2,-3.25,4.75
226,0,-3.5,4.875
226,1,-3,4.5
226,2,-2.25,4
227,0,-2.75,-0.125
227,1,-2.625,-0.5
227,2,-2.5,0.125
228,0,-3.25,4
228,1,-3,4
228,2,-3.25,4.25
229,0,-2.25,0.375
229,1,-1.5,0.625
229,2,-1.5,1.125
230,0,-3.375,-1.625
230,1,-3.25,-1.75
230,2,-3.125,-1.5
231,0,-3.375,4.125
231,1,-3.25,4
231,2,-3.25,4.25
232,0,-2.75,2.125
232,1,-1.75,2.125
232,2,-2.625,2.5
233,0,-3.375,0.125
233,1,-2.75,-0.125
233,2,-3.25,0.625
234,0,-3.375,-1.625
234,1,-3.125,-1.5
234,2,-3.25,-1.125
235,0,-3.25,4
235,1,-2.75,3.5
235,2,-3,4
236,0,-3.25,4.25
236,1,-1.875,3.375
236,2,-3.125,4.25
237,0,-3.625,4.125
237,1,-3.25,4
237,2,-3.375,4.125
238,0,-3.75,3.875
238,1,-3.125,3.25
238,2,-2.75,3.375
239,0,-3.375,4.125
239,1,-3.25,4.25
239,2,-3.375,4.375
240,0,-3,-1.875
240,1,-2.75,-1.75
240,2,-3,-1.75
241,0,-3.125,1.875
241,1,-2.625,1
241,2,-2.5,1.625
242,0,-2.75,3.375
242,1,-1.75,2.125
242,2,-1.75,2.75
243,0,-2.125,3.75
243,1,-1.625,3.375
243,2,-1.375,3.25
244,0,-2.5,-2
244,1,-2,-2.125
244,2,-1.875,-1.875
245,0,-3.375,0.125
245,1,-2.625,-0.5
245,2,-2.75,-0.125
246,0,-3.25,-1.75
246,1,-3,-2
246,2,-3,-1.875
247,0,-3.375,1.375
247,1,-3.25,0.625
247,2,-2.875,1.125
248,0,-3.25,-1.75
248,1,-3,-1.875
248,2,-3,-1.75
249,0,-3.75,2.5
249,1,-3.125,1.875
249,2,-3.375,2.875
250,0,-3.25,-1.75
250,1,-3,-1.75
250,2,-3.125,-1.5
251,0,-2.375,-1.25
251,1,-1.75,-1.625
251,2,-2.25,-1
252,0,-3.375,4.75
252,1,-3,4.375
252,2,-3,4.5
253,0,-3.125,-1.5
253,1,-3,-1.75
253,2,-2.75,-1.75
254,0,-3.625,4.75
254,1,-2.75,4.125
254,2,-3,4.375
255,0,-3.375,1.375
255,1,-3.125,1.875
255,2,-3.375,2
256,0,-2.75,-1.375
256,1,-2.125,-1.75
256,2,-2.375,-1.25
257,0,-0.75,-2.5
257,1,-0.5,-2.625
257,2,-0.375,-2.625
258,0,-3.625,4.75
258,1,-3.125,4.25
258,2,-2.75,4.125
259,0,-3.25,-1.125
259,1,-2.875,-1.375
259,2,-3,-0.625
260,0,-0.25,-2.5
260,1,-0.125,-2.625
260,2,0.125,-2.75
261,0,0.25,-2.125
261,1,0.75,-2.25
261,2,0.75,-1.875
262,0,-3.25,0.625
262,1,-2.75,-0.125
262,2,-2.5,0.125
263,0,-2.25,0.375
263,1,-1.375,-0.75
263,2,-1.375,-0.125
264,0,-3,4.375
264,1,-2.75,4.125
264,2,-2.125,3.75
265,0,-2.375,-1.25
265,1,-2.125,-1.75
265,2,-1.875,-1.875
265,3,-1.5,-1.875
266,0,-3.375,0.125
266,1,-3,-0.625
266,2,-2.625,-0.5
267,0,-3,-0.625
267,1,-2.875,-1.375
267,2,-2.75,-1.375
268,0,-3,-2
268,1,-2.5,-2
268,2,-3,-1.875
269,0,-3.25,0.625
269,1,-2.5,0.125
269,2,-2.25,0.375
270,0,-3.25,0.625
270,1,-2.625,1
270,2,-2.875,1.125
271,0,-3.375,2.875
271,1,-2.75,2.125
271,2,-2.75,2.25
272,0,-3,-1.875
272,1,-2.5,-2
272,2,-2.75,-1.75
273,0,-3,-0.625
273,1,-2.75,-1.375
273,2,-2.25,-1
274,0,-2.75,-1.375
274,1,-2.375,-1.25
274,2,-2.25,-1
275,0,-3.375,1.375
275,1,-2.875,1.125
275,2,-3.125,1.875
276,0,-2.75,-1.75
276,1,-2.625,-1.75
276,2,-2.75,-1.375
277,0,-3.375,2.875
277,1,-2.75,2.25
277,2,-2.625,2.5
278,0,-2.625,-1.75
278,1,-2.375,-1.875
278,2,-2.125,-1.75
279,0,-2.5,1.625
279,1,-1.75,1.5
279,2,-1.75,2.125
280,0,-1.75,2.125
280,1,-0.875,1.875
280,2,-1.75,2.75
281,0,-3.375,2.875
281,1,-2.625,2.5
281,2,-3.125,3.25
282,0,-2.75,3.375
282,1,-2.5,3.5
282,2,-2.75,3.5
283,0,-3.25,4.75
283,1,-1,3.125
283,2,-1.5,3.5
284,0,-3.125,3.25
284,1,-2.625,2.5
284,2,-2.75,3.375
285,0,-3,4
285,1,-2.75,3.5
285,2,-2.5,3.5
286,0,-3.25,4
286,1,-2.75,3.375
286,2,-2.75,3.5
287,0,-3,4.375
287,1,-2.125,3.75
287,2,-2.25,3.875
288,0,-3,-2
288,1,-2.5,-2.125
288,2,-2.5,-2
289,0,-0.5,2.625
289,1,-0.375,2.375
289,2,0.875,1.5
290,0,-2.75,-1.75
290,1,-2.5,-2
290,2,-2.625,-1.75
291,0,1.25,-2.625
291,1,1.375,-2.625
291,2,1.5,-2.5
292,0,-2.625,-1.75
292,1,-2.5,-2
292,2,-2.375,-1.875
293,0,-3,4.375
293,1,-2.25,3.875
293,2,-3,4.5
294,0,-1.25,1.5
294,1,-0.875,1.625
294,2,-0.875,1.875
295,0,-3,4.5
295,1,-2.25,3.875
295,2,-1.375,3.25
296,0,-1.125,-2.25
296,1,-0.5,-2.375
296,2,-0.875,-2.125
297,0,-2.625,-0.5
297,1,-2.375,-0.5
297,2,-2.5,0.125
298,0,-2.5,-2
298,1,-2.125,-2.125
298,2,-2,-2.125
299,0,-3.125,1.875
299,1,-2.5,1.625
299,2,-2.75,2.125
300,0,-3.25,0.625
300,1,-2.25,0.375
300,2,-2.625,1
301,0,-2.375,-0.5
301,1,-2.25,-1
301,2,-1.25,-1.125
302,0,-2.75,3.375
302,1,-2.625,2.5
302,2,-1.75,2.125
303,0,-1.875,3.375
303,1,-1.75,2.75
303,2,-1.375,2.625
303,3,-0.375,2.375
304,0,-2.5,-2.125
304,1,-2.125,-2.125
304,2,-2.5,-2
305,0,-0.375,-2.625
305,1,-0.125,-2.625
305,2,-0.25,-2.5
306,0,-2.25,4
306,1,-1.75,3.625
306,2,-1,3.125
307,0,-2.625,-0.5
307,1,-2.25,-1
307,2,-2.375,-0.5
308,0,-2.75,-1.375
308,1,-2.625,-1.75
308,2,-2.125,-1.75
309,0,-2.625,1
309,1,-2.25,0.375
309,2,-2,1
310,0,-2,-2.125
310,1,-1.5,-2.125
310,2,-1.25,-2
311,0,-2,-2.25
311,1,-1.5,-2.375
311,2,-2,-2.125
312,0,-3.125,4.25
312,1,-1.875,3.375
312,2,-2.75,4.125
313,0,-2.625,1
313,1,-1.5,1.125
313,2,-2.25,1.25
314,0,-3.25,4.25
314,1,-3,4
314,2,-1.875,3.375
315,0,-2.125,-2.125
315,1,-2,-2.25
315,2,-2,-2.125
316,0,-2,-2.125
316,1,-1.25,-2
316,2,-1.875,-1.875
317,0,-1.5,0.625
317,1,-0.75,0
317,2,-1.125,0.75
318,0,-2.75,3.375
318,1,-1.75,2.75
318,2,-2.5,3.5
319,0,2.5,-2
319,1,2.875,-1.75
319,2,2.625,-1.875
320,0,-2.5,0.125
320,1,-2.375,-0.5
320,2,-2.25,0.375
321,0,-3,4.5
321,1,-1.75,3.625
321,2,-2.25,4
322,0,-2.625,1
322,1,-2.25,1.25
322,2,-2.5,1.625
323,0,-2.5,-2
323,1,-2.125,-1.75
323,2,-2.375,-1.875
324,0,-1.5,-2.375
324,1,-0.75,-2.5
324,2,-1.25,-2.375
325,0,-1.5,-2.125
325,1,-1.125,-2.25
325,2,-1.25,-2
326,0,-2.375,-0.5
326,1,-1.25,-1.125
326,2,-1.375,-0.75
327,0,-2.625,1
327,1,-2,1
327,2,-1.5,1.125
328,0,0.625,-2.875
328,1,0.75,-2.875
328,2,0.625,-2.75
329,0,-0.75,-0.625
329,1,-0.375,-0.875
329,2,-0.5,-0.25
329,3,-0.75,0
330,0,-2.5,-2
330,1,-1.875,-1.875
330,2,-2.125,-1.75
331,0,-2.25,3.875
331,1,-2.125,3.75
331,2,-1.375,3.25
332,0,-2.75,4.125
332,1,-1.875,3.375
332,2,-2.125,3.75
333,0,-1.5,-1.875
333,1,-1.25,-2
333,2,-0.875,-1.5
334,0,-1.5,-2.375
334,1,-1,-2.5
334,2,-0.75,-2.5
335,0,-2.25,-1
335,1,-1.75,-1.625
335,2,-1.5,-1.875
336,0,-2.375,-0.5
336,1,-1.375,-0.75
336,2,-2.25,0.375
337,0,-2.125,3.75
337,1,-1.875,3.375
337,2,-1.625,3.375
338,0,-1.5,1.125
338,1,-1.125,0.75
338,2,-1.25,1.5
339,0,-3,4
339,1,-2.5,3.5
339,2,-1.875,3.375
340,0,0.125,-2.75
340,1,0.5,-2.875
340,2,0.625,-2.75
341,0,-0.125,1.625
341,1,0.875,1.125
341,2,0.25,1.5
342,0,-1.75,1.5
342,1,-1.5,1.125
342,2,-1.25,1.5
343,0,-2.5,1.625
343,1,-2.25,1.25
343,2,-1.5,1.125
344,0,-2.5,3.5
344,1,-1.75,2.75
344,2,-1.875,3.375
345,0,-2,-2.125
345,1,-1.5,-2.375
345,2,-1.125,-2.25
346,0,-1.75,3.625
346,1,-0.75,2.875
346,2,-1,3.125
347,0,-2.375,-1.25
347,1,-1.5,-1.875
347,2,-1.75,-1.625
348,0,-1.25,-2
348,1,-0.5,-1.75
348,2,-0.875,-1.5
349,0,-0.875,-1.5
349,1,-0.5,-1.75
349,2,-0.625,-1.5
350,0,-2.25,0.375
350,1,-1.375,-0.125
350,2,-0.75,0
351,0,-2,-2.125
351,1,-1.125,-2.25
351,2,-1.5,-2.125
352,0,-1.875,-1.875
352,1,-1.25,-2
352,2,-1.5,-1.875
353,0,-1.25,1.5
353,1,-0.125,1.375
353,2,-0.875,1.625
354,0,-1,3.125
354,1,0.25,2.25
354,2,-0.625,2.875
355,0,-1.875,3.375
355,1,-1.125,3
355,2,-1.625,3.375
356,0,-1.75,2.125
356,1,-1.25,1.5
356,2,-0.875,1.875
357,0,-2.25,0.375
357,1,-1.5,1.125
357,2,-2,1
358,0,-2.125,3.875
358,1,-1.375,3.25
358,2,-0.75,2.875
359,0,0.75,-2.875
359,1,1,-3
359,2,0.875,-2.875
360,0,-1.25,-2
360,1,-0.875,-2.125
360,2,-0.25,-2
361,0,0.5,-2.875
361,1,1,-3
361,2,0.625,-2.875
362,0,-2.25,-1
362,1,-1.25,-1.25
362,2,-1.25,-1.125
363,0,-1.5,-2.375
363,1,-1.25,-2.375
363,2,-1.125,-2.25
364,0,-1.375,-0.125
364,1,-0.75,-0.625
364,2,-0.75,0
365,0,-1.5,0.625
365,1,-1.125,0.75
365,2,-1.5,1.125
366,0,-1.375,-0.75
366,1,-1.25,-1.125
366,2,-0.375,-0.875
367,0,0.625,-2.625
367,1,0.875,-2.75
367,2,1,-2.625
368,0,-1.75,2.75
368,1,-0.875,1.875
368,2,-0.125,1.625
369,0,1.75,0.75
369,1,1.875,0.5
369,2,2.125,0.625
370,0,-1.375,-0.75
370,1,-0.375,-0.875
370,2,-0.75,-0.625
371,0,-0.875,1.625
371,1,-0.125,1.375
371,2,-0.875,1.875
372,0,-2.125,3.875
372,1,-0.75,2.875
372,2,-1.75,3.625
373,0,-1.375,3.25
373,1,-0.5,2.625
373,2,-0.75,2.875
374,0,-1.25,-1.25
374,1,-0.875,-1.5
374,2,-1.25,-1.125
375,0,-1,-2.5
375,1,-0.5,-2.625
375,2,-0.75,-2.5
376,0,-0.75,2.875
376,1,0.75,1.875
376,2,-0.5,2.75
377,0,-1.5,3.5
377,1,-1,3.125
377,2,-0.625,2.875
378,0,-0.25,-2.125
378,1,0,-2.25
378,2,-0.25,-2
379,0,-0.75,0
379,1,-0.5,-0.25
379,2,0,0.125
380,0,-1.25,-2.375
380,1,-0.75,-2.5
380,2,-1.125,-2.25
381,0,-1.75,2.75
381,1,-0.125,1.625
381,2,-0.375,2.125
382,0,-1.25,-1.125
382,1,-0.875,-1.5
382,2,-0.625,-1.5
383,0,-2.25,0.375
383,1,-0.75,0
383,2,-1.5,0.625
384,0,-1.25,-2
384,1,-1.125,-2.25
384,2,-0.875,-2.125
385,0,-1.375,2.625
385,1,-0.375,2.125
385,2,-0.375,2.375
386,0,-1.125,-2.25
386,1,-0.75,-2.5
386,2,-0.5,-2.375
387,0,-1.875,3.375
387,1,-0.375,2.375
387,2,-1.125,3
388,0,-1.625,3.375
388,1,-1.125,3
388,2,-1.375,3.25
389,0,-1.125,0.75
389,1,-0.75,0
389,2,0,0.125
390,0,-0.875,-2.125
390,1,-0.25,-2.125
390,2,-0.25,-2
391,0,-1,3.125
391,1,-0.75,2.875
391,2,-0.5,2.75
392,0,-0.875,-2.125
392,1,-0.5,-2.375
392,2,0,-2.25
393,0,-0.5,-1.75
393,1,-0.25,-2
393,2,0.25,-2
394,0,-0.5,-0.25
394,1,-0.375,-0.875
394,2,0.25,-0.75
394,3,0.625,-0.5
395,0,-1.5,-1.875
395,1,-0.875,-1.5
395,2,-1.25,-1.25
396,0,0.125,2.25
396,1,0.625,1.875
396,2,0.75,1.875
397,0,-0.75,-2.5
397,1,-0.375,-2.625
397,2,-0.25,-2.5
398,0,-1.375,3.25
398,1,-1.125,3
398,2,-0.5,2.625
399,0,-1.125,0.75
399,1,0,0.5
399,2,-0.125,0.75
400,0,-0.25,-2.5
400,1,0.375,-2.625
400,2,0.375,-2.5
401,0,-1.25,-1.125
401,1,-0.625,-1.5
401,2,0.125,-1.25
402,0,1.875,-2
402,1,2.25,-1.75
402,2,1.875,-1.625
403,0,-0.75,2.875
403,1,-0.5,2.625
403,2,0.125,2.25
404,0,-1.125,3
404,1,-0.375,2.375
404,2,-0.5,2.625
405,0,-1.25,1.5
405,1,-1.125,0.75
405,2,-0.125,0.75
406,0,-0.875,1.875
406,1,-0.125,1.375
406,2,-0.125,1.625
407,0,-1.25,1.5
407,1,-0.125,0.75
407,2,-0.125,1.375
408,0,0.25,-2.125
408,1,0.375,-2.25
408,2,0.75,-2.25
409,0,0.125,-2.25
409,1,0.375,-2.25
409,2,0.25,-2.125
410,0,0,-2.25
410,1,0.375,-2.5
410,2,0.125,-2.25
411,0,-1,3.125
411,1,-0.5,2.75
411,2,0.25,2.25
412,0,-0.75,-2.5
412,1,-0.25,-2.5
412,2,-0.5,-2.375
413,0,-1.75,2.75
413,1,-0.375,2.125
413,2,-1.375,2.625
414,0,0.125,-2.75
414,1,0.625,-2.75
414,2,0.375,-2.625
415,0,-0.125,1.375
415,1,1,0.875
415,2,0.875,1.125
416,0,-0.5,-2.375
416,1,-0.25,-2.5
416,2,0,-2.25
417,0,-0.25,-2.5
417,1,0.375,-2.5
417,2,0,-2.25
418,0,-1.25,-2
418,1,-0.25,-2
418,2,-0.5,-1.75
419,0,-0.125,0.75
419,1,0,0.5
419,2,0.625,0.5
420,0,-0.5,-1.75
420,1,0.25,-2
420,2,0.75,-1.875
421,0,0.625,-2.375
421,1,1,-2.375
421,2,0.75,-2.25
422,0,-0.5,-2.625
422,1,0,-2.75
422,2,0.125,-2.75
423,0,0.25,-2.125
423,1,0.75,-1.875
423,2,0.25,-2
424,0,-0.875,-2.125
424,1,0,-2.25
424,2,-0.25,-2.125
425,0,0,0.125
425,1,1,-0.5
425,2,0.875,0.125
426,0,-0.75,2.875
426,1,0.125,2.25
426,2,0.75,1.875
427,0,-0.375,2.125
427,1,-0.125,1.625
427,2,0.625,1.5
428,0,-0.5,-2.625
428,1,0.125,-2.75
428,2,-0.375,-2.625
429,0,-0.125,1.625
429,1,0.25,1.5
429,2,0.625,1.5
430,0,-0.375,-2.625
430,1,0.125,-2.75
430,2,-0.125,-2.625
431,0,-1.25,-1.125
431,1,0.125,-1.25
431,2,-0.375,-0.875
432,0,1.5,-2.5
432,1,1.875,-2.25
432,2,1.625,-2.25
433,0,-0.125,0.75
433,1,0.375,1
433,2,-0.125,1.375
434,0,-0.125,1.375
434,1,0.875,1.125
434,2,-0.125,1.625
435,0,-0.25,-2
435,1,0,-2.25
435,2,0.125,-2.25
436,0,-0.625,-1.5
436,1,-0.5,-1.75
436,2,0.125,-1.25
437,0,0,0.5
437,1,0.625,0.25
437,2,0.625,0.5
438,0,-0.5,-0.25
438,1,1,-0.5
438,2,0,0.125
439,0,0.5,-2.875
439,1,0.625,-2.875
439,2,0.625,-2.75
440,0,0,-2.75
440,1,0.5,-2.875
440,2,0.125,-2.75
441,0,-0.375,-0.875
441,1,0.125,-1.25
441,2,0.25,-0.75
442,0,-0.25,-2
442,1,0.25,-2.125
442,2,0.25,-2
443,0,0.375,1
443,1,0.625,0.5
443,2,0.625,0.75
444,0,-1.125,0.75
444,1,0,0.125
444,2,0,0.5
445,0,-0.25,-2.5
445,1,0.125,-2.75
445,2,0.375,-2.625
446,0,0.125,-2.25
446,1,0.375,-2.375
446,2,0.375,-2.25
447,0,-0.125,0.75
447,1,0.625,0.5
447,2,0.375,1
448,0,-0.5,2.625
448,1,0.875,1.5
448,2,0.625,1.875
449,0,-0.25,-2
449,1,0.125,-2.25
449,2,0.25,-2.125
450,0,0.625,-2.875
450,1,1,-3
450,2,0.75,-2.875
451,0,2.375,0.25
451,1,2.75,0
451,2,2.875,0
452,0,0,0.125
452,1,0.875,0.125
452,2,0.625,0.25
453,0,-0.5,-1.75
453,1,0.75,-1.875
453,2,0.125,-1.25
454,0,1,-2.625
454,1,1.125,-2.75
454,2,1.25,-2.625
455,0,1,0.875
455,1,1.375,0.625
455,2,1.875,0.5
456,0,1.375,0.375
456,1,1.875,0.5
456,2,1.375,0.625
457,0,-0.5,-0.25
457,1,0.625,-0.5
457,2,1,-0.5
458,0,0.125,-2.25
458,1,0.375,-2.5
458,2,0.375,-2.375
459,0,0.875,-2.75
459,1,1.125,-2.75
459,2,1,-2.625
460,0,0.25,-0.75
460,1,1,-0.5
460,2,0.625,-0.5
461,0,0.75,-1.875
461,1,1.75,-1.875
461,2,1.875,-1.625
462,0,-0.375,2.125
462,1,0.625,1.5
462,2,-0.375,2.375
463,0,0.375,-2.625
463,1,0.625,-2.75
463,2,0.625,-2.625
464,0,-0.5,2.625
464,1,0.625,1.875
464,2,0.125,2.25
465,0,0.375,-2.5
465,1,0.625,-2.625
465,2,0.625,-2.375
466,0,0.75,-1.875
466,1,1,-2
466,2,1.75,-1.875
467,0,0.875,0.125
467,1,1,-0.5
467,2,1.375,-0.375
468,0,-0.125,1.375
468,1,0.375,1
468,2,1,0.875
469,0,0.75,-2.25
469,1,1,-2
469,2,0.75,-1.875
470,0,0.625,-2.625
470,1,1,-2.625
470,2,1,-2.375
471,0,0,0.125
471,1,0.625,0.25
471,2,0,0.5
472,0,0.625,0.5
472,1,0.875,0.125
472,2,1.375,0.375
473,0,0.375,-2.625
473,1,0.625,-2.625
473,2,0.375,-2.5
474,0,0.75,-2.25
474,1,1.125,-2.25
474,2,1,-2
475,0,0.375,-2.5
475,1,0.625,-2.375
475,2,0.375,-2.375
476,0,0.375,-2.375
476,1,0.625,-2.375
476,2,0.375,-2.25
477,0,0.625,-2.75
477,1,0.75,-2.875
477,2,0.875,-2.75
478,0,0.375,-2.25
478,1,0.625,-2.375
478,2,0.75,-2.25
479,0,-0.5,2.75
479,1,0.75,1.875
479,2,0.25,2.25
480,0,0.625,-2.75
480,1,0.875,-2.75
480,2,0.625,-2.625
481,0,1.875,-1.625
481,1,2.25,-1.75
481,2,2,-1.625
482,0,0.375,1
482,1,0.625,0.75
482,2,1.375,0.375
483,0,0.625,1.875
483,1,1.75,1.125
483,2,0.75,1.875
484,0,0.625,-2.625
484,1,1,-2.375
484,2,0.625,-2.375
485,0,1.125,-2.25
485,1,1.25,-2.25
485,2,1.75,-1.875
486,0,0.75,-2.875
486,1,0.875,-2.875
486,2,0.875,-2.75
487,0,1.25,-2.25
487,1,1.875,-2
487,2,1.75,-1.875
488,0,0.875,-2.875
488,1,1,-3
488,2,1,-2.875
489,0,0.375,1
489,1,1.375,0.375
489,2,1,0.875
490,0,1.125,-2.5
490,1,1.25,-2.625
490,2,1.5,-2.5
491,0,1.25,-2.25
491,1,1.75,-2.125
491,2,1.875,-2
492,0,0.875,1.5
492,1,1.25,1.25
492,2,2,0.875
493,0,1,0.875
493,1,1.375,0.375
493,2,1.375,0.625
494,0,0.125,-1.25
494,1,0.75,-1.875
494,2,1.125,-1.5
495,0,-0.375,2.375
495,1,0.625,1.5
495,2,0.875,1.5
496,0,1.875,-2.375
496,1,2,-2.25
496,2,1.875,-2.25
497,0,0.25,2.25
497,1,0.75,1.875
497,2,1.125,1.625
498,0,1,-2.375
498,1,1.25,-2.25
498,2,1.125,-2.25
499,0,0.25,1.5
499,1,0.875,1.125
499,2,0.625,1.5
500,0,0.875,-2.875
500,1,1,-2.875
500,2,0.875,-2.75
501,0,0.625,1.5
501,1,0.875,1.125
501,2,1.75,0.75
502,0,1.75,-2.5
502,1,1.875,-2.375
502,2,1.75,-2.375
503,0,2,0.75
503,1,2.125,0.625
503,2,2,0.875
504,0,1,-2.875
504,1,1.125,-2.875
504,2,1.125,-2.75
505,0,1,-2.625
505,1,1.125,-2.5
505,2,1,-2.375
506,0,0.875,-2.75
506,1,1,-2.875
506,2,1.125,-2.75
507,0,0.625,0.5
507,1,1.375,0.375
507,2,0.625,0.75
508,0,1,-2.375
508,1,1.125,-2.5
508,2,1.25,-2.25
509,0,0.125,-1.25
509,1,1,-0.5
509,2,0.25,-0.75
510,0,1.75,0.75
510,1,2.125,0.625
510,2,2,0.75
511,0,0.625,0.25
511,1,0.875,0.125
511,2,0.625,0.5
512,0,1,-2
512,1,1.125,-2.25
512,2,1.75,-1.875
513,0,0.75,-2.25
513,1,1,-2.375
513,2,1.125,-2.25
514,0,1,-3
514,1,1.375,-2.75
514,2,1.125,-2.875
515,0,1.75,-2.5
515,1,2.125,-2.25
515,2,1.875,-2.375
516,0,1.125,-2.875
516,1,1.375,-2.75
516,2,1.125,-2.75
517,0,1.375,0.375
517,1,1.5,0
517,2,1.75,0
518,0,0.875,0.125
518,1,1.5,0
518,2,1.375,0.375
519,0,0.125,-1.25
519,1,1.125,-1.5
519,2,1.75,-1.25
520,0,1.125,-2.75
520,1,1.375,-2.75
520,2,1.25,-2.625
521,0,1.375,0.375
521,1,1.75,0
521,2,2.25,0
522,0,1,-2.625
522,1,1.25,-2.625
522,2,1.125,-2.5
523,0,1.875,-2.375
523,1,2.25,-2.125
523,2,2,-2.25
524,0,1,-0.5
524,1,1.875,-0.875
524,2,1.875,-0.625
525,0,0.75,1.875
525,1,1.75,1.125
525,2,2,1
526,0,2,0.875
526,1,2.5,0.5
526,2,2.125,0.875
527,0,1.375,-2.75
527,1,1.75,-2.5
527,2,1.5,-2.625
528,0,1.25,-2.25
528,1,1.625,-2.25
528,2,1.75,-2.125
529,0,1,-0.5
529,1,1.375,-0.75
529,2,1.875,-0.875
530,0,1.75,-1.875
530,1,1.875,-2
530,2,1.875,-1.625
531,0,1.5,-2.5
531,1,1.625,-2.25
531,2,1.5,-2.375
532,0,0.875,0.125
532,1,1.375,-0.375
532,2,1.875,-0.625
533,0,1.25,-2.625
533,1,1.375,-2.75
533,2,1.375,-2.625
534,0,1.125,-2.5
534,1,1.5,-2.375
534,2,1.625,-2.25
535,0,1.875,-2
535,1,2.125,-2
535,2,2.625,-1.75
536,0,1.25,1.25
536,1,1.75,0.75
536,2,2,0.75
537,0,0.125,-1.25
537,1,1.375,-0.75
537,2,1,-0.5
538,0,2,0.875
538,1,2.125,0.625
538,2,2.5,0.5
539,0,1.125,-2.5
539,1,1.5,-2.5
539,2,1.5,-2.375
540,0,0.625,1.5
540,1,1.75,0.75
540,2,0.875,1.5
541,0,0.875,0.125
541,1,1.875,-0.625
541,2,1.5,0
542,0,1.75,-1.25
542,1,2.625,-1.375
542,2,2.5,-0.875
543,0,1.375,-2.75
543,1,1.5,-2.625
543,2,1.5,-2.5
544,0,0.875,1.125
544,1,1.875,0.5
544,2,1.75,0.75
545,0,1.375,-2.75
545,1,1.5,-2.5
545,2,1.375,-2.625
546,0,1.125,-2.5
546,1,1.625,-2.25
546,2,1.25,-2.25
547,0,1.75,-2.125
547,1,2.125,-2
547,2,1.875,-2
548,0,0.875,1.125
548,1,1,0.875
548,2,1.875,0.5
549,0,0.75,-1.875
549,1,1.875,-1.625
549,2,1.125,-1.5
550,0,1.875,-2.375
550,1,2.125,-2.25
550,2,2.25,-2.125
551,0,1.5,-2.625
551,1,1.75,-2.375
551,2,1.5,-2.5
552,0,0.875,1.5
552,1,1.75,0.75
552,2,1.25,1.25
553,0,1.5,-2.625
553,1,1.75,-2.5
553,2,1.75,-2.375
554,0,1.75,-2.125
554,1,1.875,-2.25
554,2,2.125,-2
555,0,1.5,-2.5
555,1,1.75,-2.375
555,2,1.875,-2.25
556,0,2.625,-1.375
556,1,3,-1.125
556,2,2.875,-1
557,0,1.5,0
557,1,1.875,-0.625
557,2,1.75,0
558,0,1.125,-1.5
558,1,1.875,-1.625
558,2,1.75,-1.25
559,0,3.375,-0.875
559,1,3.875,-0.875
559,2,3.625,-0.75
560,0,2.25,-2
560,1,2.5,-2
560,2,2.625,-1.75
561,0,1.875,-2
561,1,2.625,-1.75
561,2,2.25,-1.75
562,0,2,-2.25
562,1,2.25,-2.125
562,2,2.125,-2.125
563,0,1.875,0.5
563,1,2.5,0.375
563,2,2.125,0.625
564,0,1.75,1.125
564,1,2,0.875
564,2,2.125,0.875
565,0,1.875,-1.625
565,1,2,-1.625
565,2,2.625,-1.375
566,0,0.75,1.875
566,1,2,1
566,2,1.125,1.625
567,0,1.375,-0.75
567,1,1.75,-1.25
567,2,1.875,-0.875
568,0,2.625,-1.875
568,1,2.75,-1.75
568,2,2.625,-1.75
569,0,1,-0.5
569,1,1.875,-0.625
569,2,1.375,-0.375
570,0,1.25,1.25
570,1,2,0.75
570,2,2,0.875
571,0,0.125,-1.25
571,1,1.75,-1.25
571,2,1.375,-0.75
572,0,0.625,1.875
572,1,0.875,1.5
572,2,1.75,1.125
573,0,1.75,-2.375
573,1,1.875,-2.375
573,2,1.875,-2.25
574,0,2.625,-1.375
574,1,3,-1.25
574,2,3,-1.125
575,0,1.875,-2.25
575,1,2,-2.25
575,2,2.125,-2.125
576,0,2.5,-0.875
576,1,2.875,-1
576,2,3.375,-0.875
577,0,1.875,-2.25
577,1,2.125,-2.125
577,2,2.125,-2
578,0,1.625,-2.25
578,1,1.875,-2.25
578,2,1.75,-2.125
579,0,2.125,0.625
579,1,2.5,0.375
579,2,2.5,0.5
580,0,2.125,-2.125
580,1,2.25,-2.125
580,2,2.25,-2
581,0,0.875,1.5
581,1,2,0.875
581,2,1.75,1.125
582,0,1.375,0.375
582,1,2.25,0
582,2,1.875,0.5
583,0,2.125,-2.125
583,1,2.25,-2
583,2,2.125,-2
584,0,2.125,-2
584,1,2.25,-2
584,2,2.625,-1.75
585,0,1.875,-0.625
585,1,2.5,-0.875
585,2,2.625,-0.625
586,0,2.5,-0.875
586,1,2.75,-0.625
586,2,2.625,-0.625
587,0,1.75,1.125
587,1,2.125,0.875
587,2,2,1
588,0,2.25,-1.75
588,1,2.625,-1.625
588,2,2.625,-1.375
589,0,1.75,0
589,1,2.625,-0.625
589,2,2.25,0
590,0,1.75,-1.25
590,1,1.875,-1.625
590,2,2.625,-1.375
591,0,2.125,-2.25
591,1,2.5,-2
591,2,2.25,-2.125
592,0,2.625,-1.75
592,1,2.75,-1.75
592,2,3.125,-1.5
593,0,2.25,-2.125
593,1,2.5,-2
593,2,2.25,-2
594,0,1.75,0
594,1,1.875,-0.625
594,2,2.625,-0.625
595,0,2.625,-1.625
595,1,2.75,-1.5
595,2,2.625,-1.375
596,0,1.875,0.5
596,1,2.25,0
596,2,2.25,0.25
597,0,1.875,-0.875
597,1,2.5,-0.875
597,2,1.875,-0.625
598,0,1.875,0.5
598,1,2.375,0.25
598,2,2.5,0.375
599,0,2.25,0
599,1,2.625,-0.625
599,2,2.75,-0.625
600,0,1.875,0.5
600,1,2.25,0.25
600,2,2.375,0.25
601,0,2.5,-2
601,1,2.625,-1.875
601,2,2.625,-1.75
602,0,2.25,-1.75
602,1,2.625,-1.75
602,2,2.625,-1.625
603,0,2,-1.625
603,1,2.25,-1.75
603,2,2.625,-1.375
604,0,1.75,-1.25
604,1,2.5,-0.875
604,2,1.875,-0.875
605,0,2.875,0
605,1,3,-0.375
605,2,3.125,-0.125
606,0,2.75,0
606,1,3,-0.375
606,2,2.875,0
607,0,2.625,-1.375
607,1,2.75,-1.5
607,2,3,-1.5
608,0,2.5,0.375
608,1,2.75,0.25
608,2,2.5,0.5
609,0,2.625,-1.75
609,1,2.75,-1.5
609,2,2.625,-1.625
610,0,2.625,-1.375
610,1,3,-1.5
610,2,3,-1.25
611,0,2.25,0
611,1,3,-0.375
611,2,2.25,0.25
612,0,3,-1.125
612,1,3.5,-1.125
612,2,3.625,-1
613,0,2.75,-1.75
613,1,3.25,-1.5
613,2,3.125,-1.5
614,0,2.5,-0.875
614,1,2.625,-1.375
614,2,2.875,-1
615,0,2.625,-1.875
615,1,2.875,-1.75
615,2,2.75,-1.75
616,0,3.375,-0.875
616,1,3.625,-1
616,2,3.75,-1
617,0,2.5,-0.875
617,1,3.375,-0.875
617,2,2.75,-0.625
618,0,2.625,-1.75
618,1,3,-1.5
618,2,2.75,-1.5
619,0,2.75,-0.625
619,1,3.375,-0.875
619,2,3,-0.375
620,0,2.5,0.375
620,1,2.875,0.125
620,2,2.75,0.25
621,0,2.25,0.25
621,1,3,-0.375
621,2,2.375,0.25
622,0,2.75,-1.75
622,1,2.875,-1.75
622,2,3.25,-1.5
623,0,3,-0.375
623,1,3.375,-0.875
623,2,3.625,-0.75
624,0,3,-1.5
624,1,3.125,-1.5
624,2,3.375,-1.375
625,0,2.375,0.25
625,1,2.875,0
625,2,2.5,0.375
626,0,3.625,-0.75
626,1,3.875,-0.875
626,2,3.75,-0.75
627,0,2.5,0.375
627,1,2.875,0
627,2,2.875,0.125
628,0,2.375,0.25
628,1,3,-0.375
628,2,2.75,0
629,0,2.625,-1.75
629,1,3.125,-1.5
629,2,3,-1.5
630,0,3.375,-1.375
630,1,3.625,-1.25
630,2,3.375,-1.25
631,0,2.25,0
631,1,2.75,-0.625
631,2,3,-0.375
632,0,3,-1.5
632,1,3.375,-1.25
632,2,3,-1.25
633,0,2.875,-1
633,1,3,-1.125
633,2,3.625,-1
634,0,3.125,-1.5
634,1,3.25,-1.5
634,2,3.375,-1.375
635,0,3.375,-1.25
635,1,3.625,-1.25
635,2,3.75,-1.125
636,0,3,-0.375
636,1,3.25,-0.25
636,2,3.125,-0.125
637,0,3,-0.375
637,1,3.625,-0.75
637,2,3.625,-0.625
638,0,3,-1.5
638,1,3.375,-1.375
638,2,3.375,-1.25
639,0,2.875,0
639,1,3.125,-0.125
639,2,2.875,0.125
640,0,3.25,-1.5
640,1,3.625,-1.25
640,2,3.375,-1.375
641,0,3,-1.125
641,1,3.375,-1.25
641,2,3.5,-1.125
642,0,3,-1.25
642,1,3.375,-1.25
642,2,3,-1.125
643,0,3.625,-0.75
643,1,3.75,-0.75
643,2,3.625,-0.625
644,0,3.375,-1.25
644,1,3.75,-1.125
644,2,3.5,-1.125
645,0,3,-0.375
645,1,3.375,-0.375
645,2,3.25,-0.25
646,0,2.875,-1
646,1,3.625,-1
646,2,3.375,-0.875
647,0,3.375,-0.875
647,1,3.75,-1
647,2,3.875,-0.875
648,0,3.625,-1.25
648,1,4,-1
648,2,3.75,-1.125
649,0,3,-0.375
649,1,3.625,-0.625
649,2,3.375,-0.375
650,0,3.75,-1
650,1,4,-1
650,2,3.875,-0.875
651,0,3.5,-1.125
651,1,3.75,-1.125
651,2,3.75,-1
652,0,3.5,-1.125
652,1,3.75,-1
652,2,3.625,-1
653,0,3.75,-1.125
653,1,4,-1
653,2,3.75,-1
