x,y,ell_A,ell_A_exact
0,-1,0.001889923730794833,38009674340/20111750395353
0,-0.5,0.0018926806870969959,38065121557/20111750395353
0,0,0.0018954376433991591,12706856258/6703916798451
0,0.5,0.0018981945997013222,38176015991/20111750395353
0,1,0.0019009515560034853,38231463208/20111750395353
0,1.5,0.0019037085123056485,12762303475/6703916798451
0,2,0.0019064654686078116,38342357642/20111750395353
0,2.5,0.0019092224249099747,38397804859/20111750395353
0,3,0.0019119793812121379,4272583564/2234638932817
0,3.5,0.001914736337514301,38508699293/20111750395353
0,4,0.0019174932938164641,38564146510/20111750395353
0,4.5,0.0019202502501186273,12873197909/6703916798451
0,5,0.0019230072064207904,38675040944/20111750395353
0,5.5,0.0019257641627229533,38730488161/20111750395353
0,6,0.0019285211190251165,12928645126/6703916798451
0,6.5,0.0019312780753272796,38841382595/20111750395353
0,7,0.0019340350316294427,38896829812/20111750395353
0,7.5,0.0019367919879316059,4328030781/2234638932817
0,8,0.001939548944233769,39007724246/20111750395353
0,8.5,0.0019423059005359321,39063171463/20111750395353
0,9,0.0019450628568380953,13039539560/6703916798451
0,9.5,0.0019478198131402584,39174065897/20111750395353
0,10,0.0019505767694424215,39229513114/20111750395353
0,10.5,0.0019533337257445845,13094986777/6703916798451
0,11,0.0019560906820467478,39340407548/20111750395353
0,11.5,0.0019588476383489107,39395854765/20111750395353
0,12,0.0019616045946510736,4383477998/2234638932817
0,12.5,0.001964361550953237,39506749199/20111750395353
0,13,0.0019671185072553999,39562196416/20111750395353
0,13.5,0.0019698754635575633,13205881211/6703916798451
0,14,0.0019726324198597262,39673090850/20111750395353
0,14.5,0.0019753893761618895,39728538067/20111750395353
0,15,0.0019781463324640525,13261328428/6703916798451
0,15.5,0.0019809032887662158,39839432501/20111750395353
0,16,0.0019836602450683787,39894879718/20111750395353
0,16.5,0.0019864172013705421,4438925215/2234638932817
0,17,0.001989174157672705,40005774152/20111750395353
0,17.5,0.0019919311139748679,367534141/184511471517
0,18,0.0019946880702770313,13372222862/6703916798451
0,18.5,0.0019974450265791942,40172115803/20111750395353
0,19,0.0020002019828813575,40227563020/20111750395353
0,19.5,0.0020029589391835204,13427670079/6703916798451
0,20,0.0020057158954856838,40338457454/20111750395353
0,20.5,0.0020084728517878467,40393904671/20111750395353
0,21,0.0020112298080900101,4494372432/2234638932817
0.5,-1,0.0019212981601008866,38640669031/20111750395353
0.5,-0.5,0.0019240551164030498,4299568472/2234638932817
0.5,0,0.0019268120727052129,38751563465/20111750395353
0.5,0.5,0.001929569029007376,38807010682/20111750395353
0.5,1,0.0019323259853095392,118845437/61503823839
0.5,1.5,0.0019350829416117021,38917905116/20111750395353
0.5,2,0.0019378398979138652,38973352333/20111750395353
0.5,2.5,0.0019405968542160284,13009599850/6703916798451
0.5,3,0.0019433538105181915,39084246767/20111750395353
0.5,3.5,0.0019461107668203546,39139693984/20111750395353
0.5,4,0.0019488677231225178,4355015689/2234638932817
0.5,4.5,0.0019516246794246809,39250588418/20111750395353
0.5,5,0.0019543816357268438,39306035635/20111750395353
0.5,5.5,0.0019571385920290072,13120494284/6703916798451
0.5,6,0.0019598955483311701,39416930069/20111750395353
0.5,6.5,0.0019626525046333334,39472377286/20111750395353
0.5,7,0.0019654094609354964,13175941501/6703916798451
0.5,7.5,0.0019681664172376593,39583271720/20111750395353
0.5,8,0.0019709233735398226,39638718937/20111750395353
0.5,8.5,0.0019736803298419855,4410462906/2234638932817
0.5,9,0.0019764372861441489,39749613371/20111750395353
0.5,9.5,0.0019791942424463118,39805060588/20111750395353
0.5,10,0.0019819511987484752,13286835935/6703916798451
0.5,10.5,0.0019847081550506381,39915955022/20111750395353
0.5,11,0.0019874651113528014,39971402239/20111750395353
0.5,11.5,0.0019902220676549644,13342283152/6703916798451
0.5,12,0.0019929790239571277,40082296673/20111750395353
0.5,12.5,0.0019957359802592906,40137743890/20111750395353
0.5,13,0.001998492936561454,4465910123/2234638932817
0.5,13.5,0.0020012498928636169,40248638324/20111750395353
0.5,14,0.0020040068491657798,40304085541/20111750395353
0.5,14.5,0.0020067638054679432,13453177586/6703916798451
0.5,15,0.0020095207617701061,40414979975/20111750395353
0.5,15.5,0.0020122777180722694,40470427192/20111750395353
0.5,16,0.0020150346743744323,13508624803/6703916798451
0.5,16.5,0.0020177916306765957,40581321626/20111750395353
0.5,17,0.0020205485869787586,40636768843/20111750395353
0.5,17.5,0.002023305543280922,4521357340/2234638932817
0.5,18,0.0020260624995830849,40747663277/20111750395353
0.5,18.5,0.0020288194558852482,40803110494/20111750395353
0.5,19,0.0020315764121874112,13619519237/6703916798451
0.5,19.5,0.0020343333684895741,40914004928/20111750395353
0.5,20,0.0020370903247917374,40969452145/20111750395353
0.5,20.5,0.0020398472810939003,13674966454/6703916798451
0.5,21,0.0020426042373960637,41080346579/20111750395353
1,-1,0.0019526725894069403,13090554574/6703916798451
1,-0.5,0.0019554295457091032,39327110939/20111750395353
1,0,0.0019581865020112665,39382558156/20111750395353
1,0.5,0.0019609434583134295,4382000597/2234638932817
1,1,0.0019637004146155928,39493452590/20111750395353
1,1.5,0.0019664573709177557,39548899807/20111750395353
1,2,0.0019692143272199191,13201449008/6703916798451
1,2.5,0.001971971283522082,39659794241/20111750395353
1,3,0.0019747282398242449,39715241458/20111750395353
1,3.5,0.0019774851961264083,13256896225/6703916798451
1,4,0.0019802421524285712,39826135892/20111750395353
1,4.5,0.0019829991087307345,39881583109/20111750395353
1,5,0.0019857560650328974,4437447814/2234638932817
1,5.5,0.0019885130213350608,39992477543/20111750395353
1,6,0.0019912699776372237,40047924760/20111750395353
1,6.5,0.0019940269339393871,13367790659/6703916798451
1,7,0.00199678389024155,40158819194/20111750395353
1,7.5,0.0019995408465437133,40214266411/20111750395353
1,8,0.0020022978028458763,13423237876/6703916798451
1,8.5,0.0020050547591480396,40325160845/20111750395353
1,9,0.0020078117154502025,40380608062/20111750395353
1,9.5,0.0020105686717523654,4492895031/2234638932817
1,10,0.0020133256280545288,40491502496/20111750395353
1,10.5,0.0020160825843566917,40546949713/20111750395353
1,11,0.0020188395406588551,13534132310/6703916798451
1,11.5,0.002021596496961018,40657844147/20111750395353
1,12,0.0020243534532631813,40713291364/20111750395353
1,12.5,0.0020271104095653442,13589579527/6703916798451
1,13,0.0020298673658675076,40824185798/20111750395353
1,13.5,0.0020326243221696705,40879633015/20111750395353
1,14,0.0020353812784718339,4548342248/2234638932817
1,14.5,0.0020381382347739968,40990527449/20111750395353
1,15,0.0020408951910761597,41045974666/20111750395353
1,15.5,0.0020436521473783231,13700473961/6703916798451
1,16,0.002046409103680486,41156869100/20111750395353
1,16.5,0.0020491660599826493,41212316317/20111750395353
1,17,0.0020519230162848122,13755921178/6703916798451
1,17.5,0.0020546799725869756,41323210751/20111750395353
1,18,0.0020574369288891385,41378657968/20111750395353
1,18.5,0.0020601938851913019,4603789465/2234638932817
1,19,0.0020629508414934648,41489552402/20111750395353
1,19.5,0.0020657077977956281,41544999619/20111750395353
1,20,0.002068464754097791,13866815612/6703916798451
1,20.5,0.0020712217103999544,41655894053/20111750395353
1,21,0.0020739786667021173,41711341270/20111750395353
1.5,-1,0.0019840470187129939,39902658413/20111750395353
1.5,-0.5,0.0019868039750151568,39958105630/20111750395353
1.5,0,0.0019895609313173202,13337850949/6703916798451
1.5,0.5,0.0019923178876194831,40069000064/20111750395353
1.5,1,0.0019950748439216464,40124447281/20111750395353
1.5,1.5,0.0019978318002238094,4464432722/2234638932817
1.5,2,0.0020005887565259727,40235341715/20111750395353
1.5,2.5,0.0020033457128281356,40290788932/20111750395353
1.5,3,0.002006102669130299,13448745383/6703916798451
1.5,3.5,0.0020088596254324619,40401683366/20111750395353
1.5,4,0.0020116165817346252,40457130583/20111750395353
1.5,4.5,0.0020143735380367882,13504192600/6703916798451
1.5,5,0.0020171304943389511,40568025017/20111750395353
1.5,5.5,0.0020198874506411144,40623472234/20111750395353
1.5,6,0.0020226444069432773,4519879939/2234638932817
1.5,6.5,0.0020254013632454407,40734366668/20111750395353
1.5,7,0.0020281583195476036,40789813885/20111750395353
1.5,7.5,0.002030915275849767,13615087034/6703916798451
1.5,8,0.0020336722321519299,40900708319/20111750395353
1.5,8.5,0.0020364291884540932,40956155536/20111750395353
1.5,9,0.0020391861447562562,13670534251/6703916798451
1.5,9.5,0.0020419431010584195,41067049970/20111750395353
1.5,10,0.0020447000573605824,41122497187/20111750395353
1.5,10.5,0.0020474570136627458,4575327156/2234638932817
1.5,11,0.0020502139699649087,41233391621/20111750395353
1.5,11.5,0.0020529709262670716,41288838838/20111750395353
1.5,12,0.002055727882569235,13781428685/6703916798451
1.5,12.5,0.0020584848388713979,41399733272/20111750395353
1.5,13,0.0020612417951735612,41455180489/20111750395353
1.5,13.5,0.0020639987514757241,13836875902/6703916798451
1.5,14,0.0020667557077778875,41566074923/20111750395353
1.5,14.5,0.0020695126640800504,41621522140/20111750395353
1.5,15,0.0020722696203822138,4630774373/2234638932817
1.5,15.5,0.0020750265766843767,41732416574/20111750395353
1.5,16,0.00207778353298654,41787863791/20111750395353
1.5,16.5,0.002080540489288703,13947770336/6703916798451
1.5,17,0.0020832974455908659,41898758225/20111750395353
1.5,17.5,0.0020860544018930292,41954205442/20111750395353
1.5,18,0.0020888113581951921,14003217553/6703916798451
1.5,18.5,0.0020915683144973555,42065099876/20111750395353
1.5,19,0.0020943252707995184,42120547093/20111750395353
1.5,19.5,0.0020970822271016818,4686221590/2234638932817
1.5,20,0.0020998391834038447,42231441527/20111750395353
1.5,20.5,0.002102596139706008,42286888744/20111750395353
2,-1,0.0020154214480190475,40533653104/20111750395353
2,-0.5,0.0020181784043212109,13529700107/6703916798451
2,0,0.0020209353606233738,40644547538/20111750395353
2,0.5,0.0020236923169255367,40699994755/20111750395353
2,1,0.0020264492732277001,13585147324/6703916798451
2,1.5,0.002029206229529863,40810889189/20111750395353
2,2,0.0020319631858320263,40866336406/20111750395353
2,2.5,0.0020347201421341892,4546864847/2234638932817
2,3,0.0020374770984363526,40977230840/20111750395353
2,3.5,0.0020402340547385155,41032678057/20111750395353
2,4,0.0020429910110406789,13696041758/6703916798451
2,4.5,0.0020457479673428418,41143572491/20111750395353
2,5,0.0020485049236450051,41199019708/20111750395353
2,5.5,0.0020512618799471681,13751488975/6703916798451
2,6,0.0020540188362493314,378990038/184511471517
2,6.5,0.0020567757925514943,41365361359/20111750395353
2,7,0.0020595327488536572,4602312064/2234638932817
2,7.5,0.0020622897051558206,41476255793/20111750395353
2,8,0.0020650466614579835,41531703010/20111750395353
2,8.5,0.0020678036177601469,13862383409/6703916798451
2,9,0.0020705605740623098,41642597444/20111750395353
2,9.5,0.0020733175303644731,41698044661/20111750395353
2,10,0.002076074486666636,13917830626/6703916798451
2,10.5,0.0020788314429687994,41808939095/20111750395353
2,11,0.0020815883992709623,41864386312/20111750395353
2,11.5,0.0020843453555731257,4657759281/2234638932817
2,12,0.0020871023118752886,41975280746/20111750395353
2,12.5,0.0020898592681774515,42030727963/20111750395353
2,13,0.0020926162244796149,14028725060/6703916798451
2,13.5,0.0020953731807817778,42141622397/20111750395353
2,14,0.0020981301370839411,42197069614/20111750395353
2,14.5,0.002100887093386104,14084172277/6703916798451
2,15,0.0021036440496882674,42307964048/20111750395353
2,15.5,0.0021064010059904303,42363411265/20111750395353
2,16,0.0021091579622925937,4713206498/2234638932817
2,16.5,0.0021119149185947566,42474305699/20111750395353
2,17,0.0021146718748969199,42529752916/20111750395353
2,17.5,0.0021174288311990828,14195066711/6703916798451
2,18,0.0021201857875012462,42640647350/20111750395353
2,18.5,0.0021229427438034091,42696094567/20111750395353
2,19,0.002125699700105572,14250513928/6703916798451
2,19.5,0.0021284566564077354,42806989001/20111750395353
2,20,0.0021312136127098983,42862436218/20111750395353
2.5,-1,0.0020467958773251011,4573849755/2234638932817
2.5,-0.5,0.0020495528336272645,41220095012/20111750395353
2.5,0,0.0020523097899294274,41275542229/20111750395353
2.5,0.5,0.0020550667462315908,13776996482/6703916798451
2.5,1,0.0020578237025337537,41386436663/20111750395353
2.5,1.5,0.002060580658835917,41441883880/20111750395353
2.5,2,0.00206333761513808,13832443699/6703916798451
2.5,2.5,0.0020660945714402429,41552778314/20111750395353
2.5,3,0.0020688515277424062,41608225531/20111750395353
2.5,3.5,0.0020716084840445691,4629296972/2234638932817
2.5,4,0.0020743654403467325,41719119965/20111750395353
2.5,4.5,0.0020771223966488954,41774567182/20111750395353
2.5,5,0.0020798793529510588,13943338133/6703916798451
2.5,5.5,0.0020826363092532217,41885461616/20111750395353
2.5,6,0.002085393265555385,41940908833/20111750395353
2.5,6.5,0.0020881502218575479,13998785350/6703916798451
2.5,7,0.0020909071781597113,42051803267/20111750395353
2.5,7.5,0.0020936641344618742,42107250484/20111750395353
2.5,8,0.0020964210907640371,4684744189/2234638932817
2.5,8.5,0.0020991780470662005,42218144918/20111750395353
2.5,9,0.0021019350033683634,42273592135/20111750395353
2.5,9.5,0.0021046919596705268,14109679784/6703916798451
2.5,10,0.0021074489159726897,42384486569/20111750395353
2.5,10.5,0.002110205872274853,42439933786/20111750395353
2.5,11,0.0021129628285770159,14165127001/6703916798451
2.5,11.5,0.0021157197848791793,42550828220/20111750395353
2.5,12,0.0021184767411813422,42606275437/20111750395353
2.5,12.5,0.0021212336974835056,4740191406/2234638932817
2.5,13,0.0021239906537856685,42717169871/20111750395353
2.5,13.5,0.0021267476100878318,42772617088/20111750395353
2.5,14,0.0021295045663899947,14276021435/6703916798451
2.5,14.5,0.0021322615226921577,42883511522/20111750395353
2.5,15,0.002135018478994321,42938958739/20111750395353
2.5,15.5,0.0021377754352964839,14331468652/6703916798451
2.5,16,0.0021405323915986473,43049853173/20111750395353
2.5,16.5,0.0021432893479008102,43105300390/20111750395353
2.5,17,0.0021460463042029736,4795638623/2234638932817
2.5,17.5,0.0021488032605051365,43216194824/20111750395353
2.5,18,0.0021515602168072998,43271642041/20111750395353
2.5,18.5,0.0021543171731094627,14442363086/6703916798451
2.5,19,0.0021570741294116261,43382536475/20111750395353
3,-1,0.0020781703066311548,41795642486/20111750395353
3,-0.5,0.0020809272629333181,41851089703/20111750395353
3,0,0.002083684219235481,4656281880/2234638932817
3,0.5,0.0020864411755376444,41961984137/20111750395353
3,1,0.0020891981318398073,42017431354/20111750395353
3,1.5,0.0020919550881419707,14024292857/6703916798451
3,2,0.0020947120444441336,42128325788/20111750395353
3,2.5,0.0020974690007462969,42183773005/20111750395353
3,3,0.0021002259570484598,14079740074/6703916798451
3,3.5,0.0021029829133506232,42294667439/20111750395353
3,4,0.0021057398696527861,42350114656/20111750395353
3,4.5,0.002108496825954949,4711729097/2234638932817
3,5,0.0021112537822571124,42461009090/20111750395353
3,5.5,0.0021140107385592753,42516456307/20111750395353
3,6,0.0021167676948614387,14190634508/6703916798451
3,6.5,0.0021195246511636016,42627350741/20111750395353
3,7,0.0021222816074657649,42682797958/20111750395353
3,7.5,0.0021250385637679278,14246081725/6703916798451
3,8,0.0021277955200700912,42793692392/20111750395353
3,8.5,0.0021305524763722541,42849139609/20111750395353
3,9,0.0021333094326744175,4767176314/2234638932817
3,9.5,0.0021360663889765804,42960034043/20111750395353
3,10,0.0021388233452787433,43015481260/20111750395353
3,10.5,0.0021415803015809066,14356976159/6703916798451
3,11,0.0021443372578830696,43126375694/20111750395353
3,11.5,0.0021470942141852329,43181822911/20111750395353
3,12,0.0021498511704873958,14412423376/6703916798451
3,12.5,0.0021526081267895592,43292717345/20111750395353
3,13,0.0021553650830917221,43348164562/20111750395353
3,13.5,0.0021581220393938855,4822623531/2234638932817
3,14,0.0021608789956960484,43459058996/20111750395353
3,14.5,0.0021636359519982117,43514506213/20111750395353
3,15,0.0021663929083003746,14523317810/6703916798451
3,15.5,0.002169149864602538,43625400647/20111750395353
3,16,0.0021719068209047009,43680847864/20111750395353
3,16.5,0.0021746637772068638,14578765027/6703916798451
3,17,0.0021774207335090272,43791742298/20111750395353
3,17.5,0.0021801776898111901,43847189515/20111750395353
3,18,0.0021829346461133534,4878070748/2234638932817
3.5,-1,0.0021095447359372088,42426637177/20111750395353
3.5,-0.5,0.0021123016922393717,14160694798/6703916798451
3.5,0,0.0021150586485415347,42537531611/20111750395353
3.5,0.5,0.002117815604843698,42592978828/20111750395353
3.5,1,0.0021205725611458609,4738714005/2234638932817
3.5,1.5,0.0021233295174480243,42703873262/20111750395353
3.5,2,0.0021260864737501872,42759320479/20111750395353
3.5,2.5,0.0021288434300523506,14271589232/6703916798451
3.5,3,0.0021316003863545135,42870214913/20111750395353
3.5,3.5,0.0021343573426566768,42925662130/20111750395353
3.5,4,0.0021371142989588397,14327036449/6703916798451
3.5,4.5,0.0021398712552610031,43036556564/20111750395353
3.5,5,0.002142628211563166,43092003781/20111750395353
3.5,5.5,0.0021453851678653289,4794161222/2234638932817
3.5,6,0.0021481421241674923,43202898215/20111750395353
3.5,6.5,0.0021508990804696552,43258345432/20111750395353
3.5,7,0.0021536560367718185,14437930883/6703916798451
3.5,7.5,0.0021564129930739815,43369239866/20111750395353
3.5,8,0.0021591699493761448,43424687083/20111750395353
3.5,8.5,0.0021619269056783077,14493378100/6703916798451
3.5,9,0.0021646838619804711,43535581517/20111750395353
3.5,9.5,0.002167440818282634,43591028734/20111750395353
3.5,10,0.0021701977745847974,4849608439/2234638932817
3.5,10.5,0.0021729547308869603,43701923168/20111750395353
3.5,11,0.0021757116871891236,401443765/184511471517
3.5,11.5,0.0021784686434912865,14604272534/6703916798451
3.5,12,0.0021812255997934495,43868264819/20111750395353
3.5,12.5,0.0021839825560956128,43923712036/20111750395353
3.5,13,0.0021867395123977757,14659719751/6703916798451
3.5,13.5,0.0021894964686999391,44034606470/20111750395353
3.5,14,0.002192253425002102,44090053687/20111750395353
3.5,14.5,0.0021950103813042653,4905055656/2234638932817
3.5,15,0.0021977673376064283,44200948121/20111750395353
3.5,15.5,0.0022005242939085916,44256395338/20111750395353
3.5,16,0.0022032812502107545,14770614185/6703916798451
3.5,16.5,0.0022060382065129179,44367289772/20111750395353
4,-1,0.0021409191652432625,14352543956/6703916798451
4,-0.5,0.0021436761215454254,43113079085/20111750395353
4,0,0.0021464330778475887,43168526302/20111750395353
4,0.5,0.0021491900341497516,14407991173/6703916798451
4,1,0.002151946990451915,43279420736/20111750395353
4,1.5,0.0021547039467540779,43334867953/20111750395353
4,2,0.0021574609030562408,4821146130/2234638932817
4,2.5,0.0021602178593584042,43445762387/20111750395353
4,3,0.0021629748156605671,43501209604/20111750395353
4,3.5,0.0021657317719627305,14518885607/6703916798451
4,4,0.0021684887282648934,43612104038/20111750395353
4,4.5,0.0021712456845670567,43667551255/20111750395353
4,5,0.0021740026408692196,14574332824/6703916798451
4,5.5,0.002176759597171383,43778445689/20111750395353
4,6,0.0021795165534735459,43833892906/20111750395353
4,6.5,0.0021822735097757093,4876593347/2234638932817
4,7,0.0021850304660778722,43944787340/20111750395353
4,7.5,0.0021877874223800351,44000234557/20111750395353
4,8,0.0021905443786821984,14685227258/6703916798451
4,8.5,0.0021933013349843614,44111128991/20111750395353
4,9,0.0021960582912865247,44166576208/20111750395353
4,9.5,0.0021988152475886876,14740674475/6703916798451
4,10,0.002201572203890851,44277470642/20111750395353
4,10.5,0.0022043291601930139,44332917859/20111750395353
4,11,0.0022070861164951773,4932040564/2234638932817
4,11.5,0.0022098430727973402,44443812293/20111750395353
4,12,0.0022126000290995035,44499259510/20111750395353
4,12.5,0.0022153569854016664,14851568909/6703916798451
4,13,0.0022181139417038298,44610153944/20111750395353
4,13.5,0.0022208708980059927,44665601161/20111750395353
4,14,0.0022236278543081556,14907016126/6703916798451
4,14.5,0.002226384810610319,44776495595/20111750395353
4,15,0.0022291417669124819,44831942812/20111750395353
4.5,-1,0.0021722935945493161,43688626559/20111750395353
4.5,-0.5,0.002175050550851479,43744073776/20111750395353
4.5,0,0.0021778075071536424,14599840331/6703916798451
4.5,0.5,0.0021805644634558053,43854968210/20111750395353
4.5,1,0.0021833214197579686,43910415427/20111750395353
4.5,1.5,0.0021860783760601315,14655287548/6703916798451
4.5,2,0.0021888353323622949,44021309861/20111750395353
4.5,2.5,0.0021915922886644578,44076757078/20111750395353
4.5,3,0.0021943492449666207,4903578255/2234638932817
4.5,3.5,0.0021971062012687841,44187651512/20111750395353
4.5,4,0.002199863157570947,44243098729/20111750395353
4.5,4.5,0.0022026201138731103,14766181982/6703916798451
4.5,5,0.0022053770701752733,44353993163/20111750395353
4.5,5.5,0.0022081340264774366,44409440380/20111750395353
4.5,6,0.0022108909827795995,14821629199/6703916798451
4.5,6.5,0.0022136479390817629,44520334814/20111750395353
4.5,7,0.0022164048953839258,44575782031/20111750395353
4.5,7.5,0.0022191618516860892,4959025472/2234638932817
4.5,8,0.0022219188079882521,44686676465/20111750395353
4.5,8.5,0.0022246757642904154,44742123682/20111750395353
4.5,9,0.0022274327205925783,14932523633/6703916798451
4.5,9.5,0.0022301896768947413,44853018116/20111750395353
4.5,10,0.0022329466331969046,44908465333/20111750395353
4.5,10.5,0.0022357035894990675,14987970850/6703916798451
4.5,11,0.0022384605458012309,45019359767/20111750395353
4.5,11.5,0.0022412175021033938,45074806984/20111750395353
4.5,12,0.0022439744584055571,5014472689/2234638932817
4.5,12.5,0.0022467314147077201,45185701418/20111750395353
4.5,13,0.0022494883710098834,45241148635/20111750395353
5,-1,0.0022036680238553697,44319621250/20111750395353
5,-0.5,0.0022064249801575326,4930563163/2234638932817
5,0,0.002209181936459696,44430515684/20111750395353
5,0.5,0.0022119388927618589,44485962901/20111750395353
5,1,0.0022146958490640222,14847136706/6703916798451
5,1.5,0.0022174528053661852,44596857335/20111750395353
5,2,0.0022202097616683485,44652304552/20111750395353
5,2.5,0.0022229667179705114,14902583923/6703916798451
5,3,0.0022257236742726748,44763198986/20111750395353
5,3.5,0.0022284806305748377,44818646203/20111750395353
5,4,0.0022312375868770011,4986010380/2234638932817
5,4.5,0.002233994543179164,44929540637/20111750395353
5,5,0.0022367514994813269,44984987854/20111750395353
5,5.5,0.0022395084557834902,15013478357/6703916798451
5,6,0.0022422654120856532,45095882288/20111750395353
5,6.5,0.0022450223683878165,45151329505/20111750395353
5,7,0.0022477793246899794,15068925574/6703916798451
5,7.5,0.0022505362809921428,45262223939/20111750395353
5,8,0.0022532932372943057,45317671156/20111750395353
5,8.5,0.002256050193596469,5041457597/2234638932817
5,9,0.002258807149898632,45428565590/20111750395353
5,9.5,0.0022615641062007953,45484012807/20111750395353
5,10,0.0022643210625029582,15179820008/6703916798451
5,10.5,0.0022670780188051216,45594907241/20111750395353
5,11,0.0022698349751072845,45650354458/20111750395353
5.5,-1,0.0022350424531614233,14983538647/6703916798451
5.5,-0.5,0.0022377994094635867,412899662/184511471517
5.5,0,0.0022405563657657496,45061510375/20111750395353
5.5,0.5,0.0022433133220679125,5012995288/2234638932817
5.5,1,0.0022460702783700759,45172404809/20111750395353
5.5,1.5,0.0022488272346722388,45227852026/20111750395353
5.5,2,0.0022515841909744021,15094433081/6703916798451
5.5,2.5,0.0022543411472765651,45338746460/20111750395353
5.5,3,0.0022570981035787284,45394193677/20111750395353
5.5,3.5,0.0022598550598808913,15149880298/6703916798451
5.5,4,0.0022626120161830547,45505088111/20111750395353
5.5,4.5,0.0022653689724852176,45560535328/20111750395353
5.5,5,0.0022681259287873809,5068442505/2234638932817
5.5,5.5,0.0022708828850895439,45671429762/20111750395353
5.5,6,0.0022736398413917072,45726876979/20111750395353
5.5,6.5,0.0022763967976938701,15260774732/6703916798451
5.5,7,0.0022791537539960331,45837771413/20111750395353
5.5,7.5,0.0022819107102981964,45893218630/20111750395353
5.5,8,0.0022846676666003593,15316221949/6703916798451
5.5,8.5,0.0022874246229025227,46004113064/20111750395353
6,-1,0.002266416882467477,45581610632/20111750395353
6,-0.5,0.0022691738387696403,45637057849/20111750395353
6,0,0.0022719307950718032,15230835022/6703916798451
6,0.5,0.0022746877513739666,45747952283/20111750395353
6,1,0.0022774447076761295,45803399500/20111750395353
6,1.5,0.0022802016639782928,5095427413/2234638932817
6,2,0.0022829586202804558,45914293934/20111750395353
6,2.5,0.0022857155765826187,45969741151/20111750395353
6,3,0.002288472532884782,15341729456/6703916798451
6,3.5,0.002291229489186945,46080635585/20111750395353
6,4,0.0022939864454891083,46136082802/20111750395353
6,4.5,0.0022967434017912712,15397176673/6703916798451
6,5,0.0022995003580934346,46246977236/20111750395353
6,5.5,0.0023022573143955975,46302424453/20111750395353
6,6,0.0023050142706977608,5150874630/2234638932817
6.5,-1,0.0022977913117735306,46212605323/20111750395353
6.5,-0.5,0.0023005482680756939,15422684180/6703916798451
6.5,0,0.0023033052243778569,46323499757/20111750395353
6.5,0.5,0.0023060621806800202,46378946974/20111750395353
6.5,1,0.0023088191369821831,15478131397/6703916798451
6.5,1.5,0.0023115760932843465,46489841408/20111750395353
6.5,2,0.0023143330495865094,46545288625/20111750395353
6.5,2.5,0.0023170900058886727,5177859538/2234638932817
6.5,3,0.0023198469621908357,46656183059/20111750395353
6.5,3.5,0.002322603918492999,46711630276/20111750395353
7,-1,0.0023291657410795846,5204844446/2234638932817
7,-0.5,0.0023319226973817476,46899047231/20111750395353
7,0,0.0023346796536839105,46954494448/20111750395353
7,0.5,0.0023374366099860738,15669980555/6703916798451
7,1,0.0023401935662882367,47065388882/20111750395353
