x,y,sigma,sigma_vee,psi
0,-1,0.002021513305626796,0.002021513305626796,-0.47448079498686785
0,-0.5,0.002006885490705997,0.002006885490705997,-0.49999170420874117
0,0,0.001994445742721528,0.001994445742721528,-0.52168662469365512
0,0.5,0.0019858079417979999,0.0019858079417979999,-0.53675094950428826
0,1,0.0019811401932850843,0.0019784396356807613,-0.54960127537275227
0,1.5,0.0019833050347996817,0.0019710713295635228,-0.56245160124121629
0,2,0.0019944666900142132,0.0019637030234462842,-0.57530192710968031
0,2.5,0.0019563347173290457,0.0019563347173290457,-0.58815225297814433
0,3,0.0019518150287379799,0.0019505178728989017,-0.59829682966431541
0,3.5,0.0019516284152484079,0.0019447010284687578,-0.60844140635048638
0,4,0.0019388841840386139,0.0019388841840386139,-0.61858598303665746
0,4.5,0.0019466167208225772,0.0019334490479085706,-0.6280648604474528
0,5,0.0019731744727277227,0.0019280139117785278,-0.63754373785824747
0,5.5,0.0019247587862041252,0.0019225787756484846,-0.64702261526904292
0,6,0.0019745631183541012,0.0019171436395184413,-0.65650149267983837
0,6.5,0.001911708503388398,0.001911708503388398,-0.66598037009063382
0,7,0.0019178731367793479,0.0019086778614601574,-0.67126580961348536
0,7.5,0.001934412928338338,0.0019056472195319173,-0.67655124913633624
0,8,0.0019173952388186971,0.0019026165776036767,-0.6818366886591879
0,8.5,0.0018995859356754363,0.0018995859356754363,-0.6871221281820391
0,9,0.0018997812995201638,0.0018988612882149024,-0.6883859133532102
0,9.5,0.0018981366407543683,0.0018981366407543683,-0.68964969852438163
0,10,0.0019016617596910197,0.0018979203970631703,-0.69002682752183098
0,10.5,0.0019011744988415848,0.0018977041533719725,-0.69040395651927988
0,11,0.0018974879096807747,0.0018974879096807747,-0.6907810855167289
0,11.5,0.0019129561854322179,0.0018995360208994597,-0.6872091795513422
0,12,0.0019235224478221249,0.001901584132118145,-0.68363727358595516
0,12.5,0.0019089179663045149,0.0019036322433368304,-0.68006536762056768
0,13,0.0019141367213467736,0.0019056803545555155,-0.67649346165518098
0,13.5,0.0019079763176256164,0.0019077284657742007,-0.67292155568979395
0,14,0.0019548703706665943,0.0019097765769928862,-0.66934964972440658
0,14.5,0.0019118246882115714,0.0019118246882115714,-0.66577774375901944
0,15,0.0019567950485640862,0.0019225256510789167,-0.64711526451836932
0,15.5,0.0019404733094977016,0.0019332266139462616,-0.62845278527771975
0,16,0.0019919282613031289,0.0019439275768136067,-0.60979030603706996
0,16.5,0.0019728026844525858,0.0019546285396809518,-0.59112782679642017
0,17,0.0019802123787074628,0.0019653295025482973,-0.5724653475557695
0,17.5,0.0019903311387275695,0.0019760304654156424,-0.55380286831511971
0,18,0.0019941095300554418,0.0019867314282829875,-0.53514038907446992
0,18.5,0.0019974323911503326,0.0019974323911503326,-0.51647790983382003
0,19,0.0020134050854070194,0.0020119328149534555,-0.49118917072117352
0,19.5,0.0020264332387565785,0.0020264332387565785,-0.46590043160852701
0,20,0.0020460521607441268,0.0020443930801856813,-0.43457846815617185
0,20.5,0.0020706474939156663,0.0020623529216147844,-0.40325650470381597
0,21,0.0020803127630438876,0.0020803127630438876,-0.37193454125146008
0.5,-1,0.0020241762579554612,0.0020241762579554612,-0.46983660612567574
0.5,-0.5,0.0020174927474860883,0.002013225729006681,-0.48893432861234837
0.5,0,0.0020145732836559438,0.0020033660222044955,-0.50612965727535975
0.5,0.5,0.0020127432461519543,0.0019935063154023101,-0.52332498593837118
0.5,1,0.0019836466086001251,0.0019836466086001251,-0.54052031460138183
0.5,1.5,0.001999188979559093,0.0019785855984077441,-0.54934671637689436
0.5,2,0.0019843851277608886,0.0019735245882153635,-0.558173118152406
0.5,2.5,0.0019781540531568619,0.0019684635780229825,-0.56699951992791853
0.5,3,0.0019726028923380745,0.0019634025678306015,-0.57582592170343094
0.5,3.5,0.0019936239644174191,0.0019583415576382205,-0.58465232347894347
0.5,4,0.0019712233843745797,0.0019532805474458395,-0.593478725254456
0.5,4.5,0.0020163801704913991,0.0019482195372534587,-0.60230512702996808
0.5,5,0.0019548220787069508,0.0019431585270610779,-0.61113152880548016
0.5,5.5,0.0019659114011212637,0.0019380975168686971,-0.61995793058099224
0.5,6,0.0019369983336167003,0.0019331551853135553,-0.62857735681315963
0.5,6.5,0.0019593590558219529,0.0019301245433853149,-0.63386279633601084
0.5,7,0.0019405558032696392,0.0019270939014570743,-0.63914823585886238
0.5,7.5,0.0019400256361958191,0.0019242516862107105,-0.64410505924852091
0.5,8,0.0019536320577462382,0.0019214094709643465,-0.64906188263817965
0.5,8.5,0.0019302045682026002,0.0019206848235038124,-0.65032566780935108
0.5,9,0.0019203667078471118,0.001920064912090821,-0.65140679331360818
0.5,9.5,0.0019244933396109682,0.0019195497367253721,-0.65230525915095106
0.5,10,0.0019253895197436787,0.0019190345613599234,-0.6532037249882936
0.5,10.5,0.0019246734642016717,0.0019185193859944743,-0.65410219082563692
0.5,11,0.0019180042106290258,0.0019180042106290258,-0.65500065666297902
0.5,11.5,0.0019251644353547946,0.0019196756397837002,-0.65208568421722679
0.5,12,0.0019536355505050257,0.0019213470689383749,-0.64917071177147423
0.5,12.5,0.0019230184980930495,0.0019230184980930495,-0.64625573932572167
0.5,13,0.0019451000234497055,0.0019288908224972875,-0.63601440556473066
0.5,13.5,0.001940594969569996,0.0019347631469015254,-0.62577307180373976
0.5,14,0.0019477664192409695,0.0019406354713057631,-0.61553173804274919
0.5,14.5,0.0019620855694453022,0.0019473727382444117,-0.60378194450174594
0.5,15,0.0019851983892042349,0.0019546866335393332,-0.59102651110740301
0.5,15.5,0.0019668755723005814,0.0019620005288342552,-0.57827107771305886
0.5,16,0.0019732775181062505,0.0019703804274230968,-0.56365653457411924
0.5,16.5,0.0019787603260119383,0.0019787603260119383,-0.54904199143517951
0.5,17,0.0020121870354785076,0.001991782353157787,-0.52633157609281955
0.5,17.5,0.0020278046614514576,0.0020048043803036356,-0.50362116075045948
0.5,18,0.0020369436711251219,0.0020193048041067586,-0.47833242163781303
0.5,18.5,0.0020535639088583003,0.0020358753482792157,-0.44943339260104775
0.5,19,0.0020643995225645981,0.0020533416044176836,-0.41897224189555976
0.5,19.5,0.0020742415337606629,0.0020712680407072785,-0.38770853700650632
0.5,20,0.0020891944769968729,0.0020891944769968729,-0.35644483211745359
0.5,20.5,0.002114936406799849,0.002111805768706114,-0.31701073937653723
0.5,21,0.0021502892323335904,0.0021502892323335904,-0.24989557881021834
1,-1,0.0020320057152918344,0.0020320057152918344,-0.45618203253104084
1,-0.5,0.0020476786334900732,0.0020241775727715353,-0.46983431308644241
1,0,0.0020292039977383883,0.0020163494302512363,-0.48348659364184388
1,0.5,0.0020169635787184365,0.0020085212877309373,-0.49713887419724545
1,1,0.0020088858287114499,0.0020016725291832488,-0.50908310910441412
1,1.5,0.002009634168933073,0.0019958031546081704,-0.51931929836335078
1,2,0.001995321503084571,0.0019902631178336625,-0.5289811224980927
1,2.5,0.0019881985072724897,0.0019848877499594403,-0.53835576407073604
1,3,0.0020031712093509075,0.0019796695609261387,-0.54745628574481398
1,3.5,0.0019751629717751065,0.0019746085507337577,-0.5562826875203265
1,4,0.0019705125836774863,0.0019695475405413767,-0.56510908929583903
1,4.5,0.001969832546874706,0.0019644865303489957,-0.57393549107135144
1,5,0.0019600151974554737,0.0019594255201566151,-0.58276189284686319
1,5.5,0.0019546018672387125,0.0019546018672387125,-0.59117434353568532
1,6,0.0019815844088099323,0.0019517596519923487,-0.59613116692534385
1,6.5,0.0019565345520328923,0.0019489174367459845,-0.60108799031500304
1,7,0.001950467650895456,0.0019460752214996205,-0.60604481370466179
1,7.5,0.0019646786303174324,0.0019432330062532565,-0.61100163709432065
1,8,0.0019593155529313861,0.0019425083587927227,-0.61226542226549174
1,8.5,0.0019441751297488636,0.001941993183427274,-0.61316388810283418
1,9,0.0019638496933420844,0.0019414780080618248,-0.6140623539401775
1,9.5,0.001963440996097382,0.0019409628326963761,-0.61496081977752004
1,10,0.0020044465705779833,0.0019426342618510508,-0.61204584733176748
1,10.5,0.0019808430898983209,0.0019443056910057252,-0.60913087488601525
1,11,0.0019623266671397895,0.0019473240119736225,-0.60386692311800239
1,11.5,0.0019717440115582957,0.0019503423329415195,-0.59860297134998997
1,12,0.0019577233593979335,0.001953360653909417,-0.59333901958197677
1,12.5,0.0020250028935175179,0.0019580078801359141,-0.58523425704296572
1,13,0.0019752404866978436,0.0019635739299957173,-0.57552706608746906
1,13.5,0.0019721715381223011,0.0019694462543999548,-0.56528573232647883
1,14,0.0020132816151730284,0.00197560689298233,-0.55454157863881648
1,14.5,0.0020199169022857319,0.0019829207882772516,-0.54178614524447322
1,15,0.0020079605328047955,0.0019902346835721733,-0.52903071185012984
1,15.5,0.0020245621783460573,0.0019975485788670953,-0.51627527845578569
1,16,0.0020120480604153201,0.002004862474162017,-0.50351984506144232
1,16.5,0.0020121763694569386,0.0020121763694569386,-0.490764411667099
1,17,0.0020437010803727399,0.0020287469136293958,-0.46186538263033378
1,17.5,0.0020727014091449407,0.0020453174578018533,-0.43296635359356778
1,18,0.002084095635280708,0.0020627837139403212,-0.40250520288807973
1,18.5,0.0020973437966209335,0.0020802499700787892,-0.37204405218259173
1,19,0.0021043500685463236,0.0020981764063683836,-0.34078034729353901
1,19.5,0.0021161599508258597,0.0021161599508258597,-0.30941704575970064
1,20,0.0021491222983456263,0.0021432987743683404,-0.26208693750161438
1,20.5,0.0021806499898748095,0.0021782882781269668,-0.20106524294656994
1,21,0.0022204254934927881,0.0022204254934927881,-0.1275779393485775
1.5,-1,0.0020653697482005879,0.0020503865036087246,-0.42412593770638435
1.5,-0.5,0.002047840044323949,0.0020420351628707683,-0.43869067595338007
1.5,0,0.002035455875977807,0.0020338014936061096,-0.45305019515094491
1.5,0.5,0.0020255678243414508,0.0020255678243414508,-0.46740971434850975
1.5,1,0.0020410498987873072,0.0020196984497663725,-0.47764590360744641
1.5,1.5,0.0020194576039429305,0.0020138290751912941,-0.48788209286638307
1.5,2,0.0020118321664984234,0.0020079597006162153,-0.49811828212532044
1.5,2.5,0.0020047123482771641,0.0020022549949414224,-0.50806728882215935
1.5,3,0.0020308974492942731,0.0019968796270672003,-0.5174419303948028
1.5,3.5,0.0019996284278451467,0.0019915042591929781,-0.52681657196744613
1.5,4,0.0019949587910739587,0.0019861288913187555,-0.53619121354009036
1.5,4.5,0.001980753523444533,0.001980753523444533,-0.54556585511273448
1.5,5,0.0019984608955601461,0.0019774160063079868,-0.55138648499887111
1.5,5.5,0.0019822129699190788,0.0019740784891714405,-0.55720711488500774
1.5,6,0.0019745391549200655,0.0019707409720348948,-0.56302774477114359
1.5,6.5,0.0019745869016942908,0.0019678987567885308,-0.56798456816080234
1.5,7,0.0019873400373278957,0.0019650565415421668,-0.5729413915504612
1.5,7.5,0.0020000176582400751,0.0019644366301291754,-0.57402251705471818
1.5,8,0.0019674782523979991,0.0019639214547637267,-0.57492098289206073
1.5,8.5,0.0020034815891109472,0.0019655928839184011,-0.5720060104463085
1.5,9,0.0020133544855216643,0.0019686112048862984,-0.56674205867829563
1.5,9.5,0.0019739068220555071,0.0019716295258541956,-0.56147810691028288
1.5,10,0.002018132437625924,0.0019746478468220929,-0.55621415514227002
1.5,10.5,0.0020004050664609351,0.0019776661677899901,-0.55095020337425726
1.5,11,0.0020305865906187384,0.0019806844887578874,-0.5456862516062444
1.5,11.5,0.0020594600604504965,0.0019837028097257842,-0.54042229983823231
1.5,12,0.0020162879855089794,0.0019883500359522818,-0.5323175372992206
1.5,12.5,0.0019999922666586929,0.0019929972621787794,-0.52421277476020878
1.5,13,0.0020115122230931525,0.0019982570374941469,-0.5150397266102078
1.5,13.5,0.0020272122802846423,0.0020041293618983849,-0.50479839284921679
1.5,14,0.0020873001164625447,0.0020111549430151701,-0.49254577938154337
1.5,14.5,0.002055105373208532,0.0020184688383100917,-0.4797903459872
1.5,15,0.0020294593778465886,0.0020257827336050138,-0.4670349125928559
1.5,15.5,0.002050391784727699,0.0020341016500191799,-0.45252672236655017
1.5,16,0.0020596348520176299,0.0020444306086718354,-0.43451301847631896
1.5,16.5,0.002054759567324491,0.002054759567324491,-0.4164993145860878
1.5,17,0.0020928579850437818,0.0020722258234629589,-0.38603816388059975
1.5,17.5,0.0020918726806655051,0.0020896920796014268,-0.3555770131751117
1.5,18,0.0021071583357398947,0.0021071583357398947,-0.32511586246962365
1.5,18.5,0.0021387753188302637,0.002125301846219653,-0.29347358019292524
1.5,19,0.0021672930337121783,0.0021500468131251099,-0.25031835790980839
1.5,19.5,0.0021747917800305672,0.0021747917800305672,-0.20716313562669084
1.5,20,0.0022102942089124852,0.0022097812837891936,-0.14614144107164634
1.5,20.5,0.00224477078754782,0.00224477078754782,-0.085119746516601869
2,-1,0.0020778262022298735,0.0020687672919256148,-0.39206984288172786
2,-0.5,0.0020612033090763229,0.0020603571154510095,-0.40673719065343944
2,0,0.0020671579383720754,0.0020520646104497022,-0.42119931937571931
2,0.5,0.0020542546133059925,0.0020448840572929923,-0.43372220408102152
2,1,0.0020860201723155777,0.0020387566202442297,-0.44440845429406334
2,1.5,0.0020408099997348723,0.0020326291831954681,-0.4550947045071036
2,2,0.0020676289587787449,0.002026501746146706,-0.46578095472014464
2,2.5,0.0020536825405734651,0.0020203743090979444,-0.47646720493318495
2,3,0.0020142468720491823,0.0020142468720491823,-0.48715345514622599
2,3.5,0.0020232074878669573,0.002009253700531712,-0.4958615462726943
2,4,0.0020118344097372304,0.002004260529014242,-0.50456963739916194
2,4.5,0.0020051015983219159,0.0020007844385776089,-0.51063193912064997
2,5,0.0020218154654691807,0.0019973083481409758,-0.51669424084213811
2,5.5,0.0020134303449611275,0.0019938322577043432,-0.52275654256362547
2,6,0.0020128872139060696,0.0019903561672677101,-0.52881884428511361
2,6.5,0.001986880076831077,0.001986880076831077,-0.53488114600660175
2,7,0.0020829048788621085,0.0019898983977989742,-0.52961719423858888
2,7.5,0.0020004276987488265,0.0019929167187668711,-0.52435324247057691
2,8,0.0020133892951338804,0.0019959350397347683,-0.51908929070256404
2,8.5,0.0020144910144420988,0.001998953360702666,-0.51382533893455051
2,9,0.0020069766884023904,0.0020019716816705633,-0.50856138716653765
2,9.5,0.0020494176586573426,0.0020049900026384601,-0.50329743539852556
2,10,0.0020306355132304475,0.0020080083236063574,-0.49803348363051281
2,10.5,0.0020322578876544291,0.0020110266445742546,-0.49276953186249994
2,11,0.0020361083832317419,0.0020140449655421519,-0.48750558009448713
2,11.5,0.0020192843748934246,0.0020186921917686495,-0.47940081755547537
2,12,0.0020382161122347764,0.0020233394179951466,-0.47129605501646432
2,12.5,0.0020946765911427994,0.0020279866442216442,-0.4631912924774525
2,13,0.0020504927949785588,0.0020329401449925765,-0.45455238713294649
2,13.5,0.0020510158483767974,0.0020393890977530886,-0.44330541351861352
2,14,0.0020589091100781912,0.0020467029930480102,-0.4305499801242702
2,14.5,0.0020697787972172427,0.0020560269305814208,-0.41428903306600212
2,15,0.00207498383270205,0.0020663704926773257,-0.39624986077074398
2,15.5,0.0020768705285788016,0.0020767286582164804,-0.37818522007045824
2,16,0.0020883500767808496,0.0020883500767808496,-0.35791746609419833
2,16.5,0.0021182966639790909,0.0021037146317250482,-0.331121682271516
2,17,0.0021320941966118945,0.0021190791866692467,-0.30432589844883368
2,17.5,0.0021344437416134458,0.0021344437416134458,-0.27753011462615063
2,18,0.0021656297020921588,0.0021614126079061995,-0.23049641181158811
2,18.5,0.0021983787835716364,0.0021890388275563949,-0.18231628474164735
2,19,0.0022210043026195127,0.0022173224005640323,-0.13298973341632761
2,19.5,0.0022456059735716689,0.0022456059735716689,-0.083663182091009369
2,20,0.0022951878201117183,0.0022951878201117183,0.0028075582748367175
2.5,-1,0.002087148080242505,0.002087148080242505,-0.36001374805707137
2.5,-0.5,0.0020895145856643215,0.0020787379037678997,-0.37468109582878295
2.5,0,0.0020703277272932949,0.0020703277272932949,-0.38934844360049375
2.5,0.5,0.0020867788109008036,0.0020642476997633883,-0.39995201161265087
2.5,1,0.0020859104688216406,0.0020581676722334821,-0.41055557962480727
2.5,1.5,0.0020923591869612336,0.0020520876447035759,-0.42115914763696372
2.5,2,0.0020562678683168937,0.0020460076171736697,-0.43176271564912011
2.5,2.5,0.0020498666004503154,0.002039927589643763,-0.44236628366127728
2.5,3,0.0020727795397053228,0.0020338475621138568,-0.45296985167343368
2.5,3.5,0.0020277675345839507,0.0020277675345839507,-0.46357341968559007
2.5,4,0.0020633457798942515,0.0020253312291594115,-0.46782233634598636
2.5,4.5,0.0020546744565650824,0.0020228949237348724,-0.47207125300638264
2.5,5,0.0020627670888981368,0.0020204586183103332,-0.47632016966677887
2.5,5.5,0.0020388222908013765,0.0020180223128857941,-0.48056908632717515
2.5,6,0.0020259285669409757,0.0020173860178976052,-0.48167878478657655
2.5,6.5,0.0020617731595304551,0.0020203497437821156,-0.4765100468439904
2.5,7,0.00205695706134231,0.0020233134696666256,-0.47134130890140502
2.5,7.5,0.0020349421168945514,0.002026277195551136,-0.46617257095881881
2.5,8,0.0020618102793988303,0.0020292955165190332,-0.460908619190806
2.5,8.5,0.0020694494709289002,0.0020323138374869305,-0.45564466742279319
2.5,9,0.0020419426038861218,0.0020353321584548278,-0.45038071565478038
2.5,9.5,0.0020467647125567813,0.002038350479422725,-0.44511676388676757
2.5,10,0.0020844943630362613,0.0020413688003906223,-0.43985281211875477
2.5,10.5,0.0020618442338941625,0.0020443871213585195,-0.43458886035074196
2.5,11,0.0020551906567194676,0.0020490343475850167,-0.42648409781173091
2.5,11.5,0.0020564531308405179,0.0020536815738115143,-0.41837933527271909
2.5,12,0.0020720724367405815,0.0020583288000380114,-0.41027457273370804
2.5,12.5,0.0021283617068394863,0.002062976026264509,-0.40216981019469628
2.5,13,0.0020676232524910066,0.0020676232524910066,-0.39406504765568451
2.5,13.5,0.0021286450797470707,0.0020779814180301608,-0.37600040695539949
2.5,14,0.0021010302158897924,0.0020883395835693155,-0.35793576625511375
2.5,14.5,0.0021087513101271907,0.0020986977491084698,-0.33987112555482873
2.5,15,0.0021288066383685056,0.0021115668797994491,-0.31742736162976082
2.5,15.5,0.0021543129513510984,0.0021269314347436476,-0.29063157780707849
2.5,16,0.0021467401295257598,0.0021424707302014488,-0.26353104652867321
2.5,16.5,0.0021588897672845291,0.0021585480114122363,-0.23549226809705986
2.5,17,0.0021750023020745859,0.0021750023020745859,-0.20679598518192213
2.5,17.5,0.0022073119165679981,0.0022035581147659107,-0.15699464784825168
2.5,18,0.0022387791348954236,0.0022321139274572356,-0.1071933105145812
2.5,18.5,0.0022606697401485608,0.0022606697401485608,-0.05739197318090996
2.5,19,0.0023024213154152059,0.0023024213154152059,0.015422774084119115
3,-1,0.002106057955071486,0.002106057955071486,-0.32703492635532838
3,-0.5,0.0021314449860439454,0.0020995537293353453,-0.33837829603915787
3,0,0.002102391835984381,0.002093261602702322,-0.34935176488715047
3,0.5,0.0021414286128832866,0.0020871815751724154,-0.35995533289930759
3,1,0.002084039222396901,0.0020811015476425092,-0.37055890091146404
3,1.5,0.0021044790217862219,0.002075021520112603,-0.38116246892362043
3,2,0.0020763888162150905,0.0020693067405591768,-0.39112904446479557
3,2.5,0.0020794434211993031,0.0020638421912760069,-0.40065921841464391
3,3,0.0020707621254296687,0.0020591283328036045,-0.40888018759051381
3,3.5,0.0021142362276590164,0.0020553645935843276,-0.41544414878893271
3,4,0.0021130830548712681,0.0020516008543650507,-0.42200810998735155
3,4.5,0.002062240222514799,0.002049164548940512,-0.42625702664774712
3,5,0.0020831575237140916,0.0020467282435159724,-0.43050594330814412
3,5.5,0.0020681086011171577,0.0020478919589641334,-0.42847642356655136
3,6,0.0020712422639362822,0.0020508556848486438,-0.4233076856239652
3,6.5,0.0020614701912353289,0.0020538194107331542,-0.41813894768137905
3,7,0.0020999208593765351,0.0020567831366176642,-0.41297020973879367
3,7.5,0.0020699106029185201,0.0020597468625021746,-0.40780147179620752
3,8,0.0021127104396824379,0.002062710588386685,-0.40263273385362136
3,8.5,0.0020908253933398712,0.0020656743142711954,-0.39746399591103521
3,9,0.002081313081605226,0.0020686926352390922,-0.39220004414302312
3,9.5,0.0020776837320488225,0.0020717109562069895,-0.38693609237501031
3,10,0.0020967080499204329,0.0020747292771748868,-0.3816721406069975
3,10.5,0.0020963725198360804,0.0020793765034013843,-0.37356737806798568
3,11,0.0021220863019628892,0.0020840237296278815,-0.36546261552897463
3,11.5,0.002149728013521676,0.0020891458177369061,-0.35652969386683575
3,12,0.0021306274390477204,0.0020947427677284578,-0.34676861308156964
3,12.5,0.0021300489273781515,0.0021016673170373046,-0.33469219908694076
3,13,0.0021616825300479329,0.0021103086744613045,-0.31962167173948497
3,13.5,0.0021300060055811846,0.0021206668400004596,-0.30155703103919845
3,14,0.0021349413332874415,0.0021347836828180481,-0.27693725716532414
3,14.5,0.0021686906204800302,0.0021504977187894519,-0.24953197843119584
3,15,0.0021723105325309818,0.0021663864952744588,-0.22182195224134388
3,15.5,0.002184243328771368,0.0021826522812110273,-0.19345442156796835
3,16,0.0022137083263727504,0.0022040439270830815,-0.15614739116710594
3,16.5,0.0022271806353889091,0.0022271806353889091,-0.11579697188174259
3,17,0.0022748937426944104,0.0022552698868996694,-0.066809317246976502
3,17.5,0.0022833591384104298,0.0022833591384104298,-0.017821662612210402
3,18,0.0023167669615473756,0.0023167669615473756,0.040441580938623094
3.5,-1,0.0021318431224653799,0.0021296319766558498,-0.2859218327121979
3.5,-0.5,0.0021222755056412553,0.0021222755056412553,-0.2987515181616508
3.5,0,0.0021785588975156483,0.0021165607260878292,-0.30871809370282594
3.5,0.5,0.0021497376585584843,0.0021108459465344035,-0.31868466924400035
3.5,1,0.0021168386933875351,0.0021051311669809773,-0.32865124478517554
3.5,1.5,0.0021299790090137066,0.0020999168479680632,-0.3377450171436977
3.5,2,0.0020952617443165504,0.0020952029894956608,-0.34596598631956765
3.5,2.5,0.0021030201833632783,0.0020904891310232578,-0.35418695549543833
3.5,3,0.0021329898010319518,0.002086725391803981,-0.36075091669385717
3.5,3.5,0.0021068447372886105,0.0020829616525847045,-0.36731487789227535
3.5,4,0.0021131109028900085,0.0020791979133654281,-0.37387883909069342
3.5,4.5,0.0020754341741461512,0.0020754341741461512,-0.38044280028911232
3.5,5,0.0020938215355090174,0.0020783979000306616,-0.37527406234652616
3.5,5.5,0.0021478675134893105,0.002081361625915172,-0.37010532440394001
3.5,6,0.0021248474767051112,0.002084325351799682,-0.36493658646135463
3.5,6.5,0.0021171056920548659,0.0020872890776841924,-0.35976784851876847
3.5,7,0.0021331603916601716,0.0020902528035687028,-0.35459911057618232
3.5,7.5,0.0021387033335046324,0.0020932165294532132,-0.34943037263359616
3.5,8,0.0021136866434536168,0.0020961802553377232,-0.34426163469101073
3.5,8.5,0.002115944854275212,0.002099143981222234,-0.33909289674842386
3.5,9,0.0021485167772874519,0.002102107707106744,-0.33392415880583842
3.5,9.5,0.0021050714329912544,0.0021050714329912544,-0.32875542086325227
3.5,10,0.0021499080434250243,0.0021106683829828061,-0.31899434007798622
3.5,10.5,0.0021308567997473616,0.0021162653329743573,-0.30923325929272094
3.5,11,0.002139523842347499,0.0021218622829659089,-0.29947217850745483
3.5,11.5,0.00214769433021284,0.0021287868322747558,-0.28739576451282595
3.5,12,0.0021406108719942678,0.0021357113815836022,-0.27531935051819784
3.5,12.5,0.002142635930892449,0.002142635930892449,-0.26324293652356895
3.5,13,0.0021884266671195144,0.0021585247073774554,-0.23553291033371773
3.5,13.5,0.0022004883345523624,0.0021744134838624619,-0.20782288414386652
3.5,14,0.0021903022603474687,0.0021903022603474687,-0.18011285795401455
3.5,14.5,0.002217598671836078,0.0022111122187415981,-0.14382029051465295
3.5,15,0.0022338072201533539,0.0022330855520915766,-0.10549879715229049
3.5,15.5,0.0022584130373472428,0.0022566881006361728,-0.064335952490514714
3.5,16,0.0022808943776148191,0.0022808943776148191,-0.022120205439755528
3.5,16.5,0.0023103085256096392,0.0023103085256096392,0.029178068663210786
4,-1,0.0021620220886510509,0.0021532059982402141,-0.24480873906906667
4,-0.5,0.0021660886517703777,0.0021466703729562035,-0.2562068695643811
4,0,0.002180085900810984,0.0021409555934027774,-0.26617344510555624
4,0.5,0.0022071087234784795,0.0021359915046601195,-0.27483081587275154
4,1,0.0021958218746287572,0.002131277646187717,-0.2830517850486215
4,1.5,0.002170474668026408,0.0021265637877153141,-0.29127275422449217
4,2,0.0021502696187058403,0.0021218499292429112,-0.29949372340036284
4,2.5,0.0021288974815626958,0.0021180861900236348,-0.30605768459878097
4,3,0.0021326496688844109,0.0021143224508043583,-0.31262164579719909
4,3.5,0.00216566154914038,0.0021120710659085153,-0.31654806105554933
4,4,0.0021497765120459178,0.0021110542813947263,-0.31832133324759726
4,4.5,0.002160792190309898,0.0021127940538449748,-0.31528717009436397
4,5,0.0021568996003877411,0.0021157577797294852,-0.31011843215177781
4,5.5,0.0021915536083533978,0.0021187215056139956,-0.30494969420919166
4,6,0.0021826814516696536,0.0021216852314985056,-0.29978095626660628
4,6.5,0.002179733753340813,0.002124648957383016,-0.29461221832402013
4,7,0.0021717796030793646,0.0021276126832675264,-0.28944348038143397
4,7.5,0.0021492488637103535,0.0021305764091520368,-0.28427474243884782
4,8,0.0021720017814546391,0.0021342574869623017,-0.2778549427377458
4,8.5,0.0021801651826278668,0.0021379385647725662,-0.27143514303664451
4,9,0.0021603907458755752,0.0021416196425828311,-0.26501534333554255
4,9.5,0.0021617637375568773,0.002145300720393096,-0.25859554363444054
4,10,0.0021489817982033605,0.0021489817982033605,-0.2521757439333393
4,10.5,0.0022044568442231706,0.0021587481695342216,-0.23514319233231759
4,11,0.0021843195097273347,0.002168514540865083,-0.21811064073129516
4,11.5,0.0022283866544024434,0.0021796419440908935,-0.19870444950548169
4,12,0.0022154449286090677,0.0021914498632641774,-0.17811143846727459
4,12.5,0.0022105874188048436,0.0022053340123475941,-0.15389748246579593
4,13,0.0022280373045409549,0.0022212227888326005,-0.12618745627594474
4,13.5,0.002246823005014983,0.0022395721562721684,-0.094186159461338334
4,14,0.0022634475755646936,0.0022623600972194557,-0.05444399044926921
4,14.5,0.0023015837338265228,0.002286195565883436,-0.012874933099287597
4,15,0.0023100310345474167,0.0023100310345474167,0.028694124250694772
4.5,-1,0.0021767800198245783,0.0021767800198245783,-0.20369564542593543
4.5,-0.5,0.0021800581970637532,0.0021720661613521758,-0.21191661460180539
4.5,0,0.0021842802272112011,0.0021673523028797733,-0.22013758377767528
4.5,0.5,0.0021821484770158071,0.0021626384444073704,-0.22835855295354598
4.5,1,0.002161671172580943,0.0021579245859349679,-0.23657952212941591
4.5,1.5,0.002153210727462565,0.002153210727462565,-0.24480049130528658
4.5,2,0.0021625911109729025,0.002150959342566722,-0.24872690656363686
4.5,2.5,0.0021575775716241915,0.0021487079576708794,-0.25265332182198641
4.5,3,0.0021759855745284288,0.0021473825230615773,-0.25496487978060917
4.5,3.5,0.0021816611487140243,0.0021466743886433019,-0.25619986620608148
4.5,4,0.0021838072035555594,0.0021471902076592884,-0.255300277842201
4.5,4.5,0.0021868433833331278,0.0021501539335437984,-0.25013153989961562
4.5,5,0.0021908508562803906,0.0021531176594283088,-0.24496280195702946
4.5,5.5,0.0021662475610078253,0.0021560813853128192,-0.23979406401444331
4.5,6,0.002195890239117735,0.0021597624631230837,-0.23337426431334204
4.5,6.5,0.0021695886268561851,0.002163443540933349,-0.22695446461223928
4.5,7,0.0021862354367939707,0.0021677066683718615,-0.21951957035947359
4.5,7.5,0.002238213866163353,0.0021725518454386228,-0.21106958155504191
4.5,8,0.0021952462118081744,0.002177397022505384,-0.20261959275061026
4.5,8.5,0.0022163309920601752,0.0021822421995721453,-0.1941696039461786
4.5,9,0.0022320524346364223,0.0021870873766389061,-0.18571961514174767
4.5,9.5,0.0022174485514621319,0.0021943931508377171,-0.17297834493902139
4.5,10,0.0022211932286546067,0.0022048400381160533,-0.15475897352560306
4.5,10.5,0.0022532683637324648,0.0022166479572893372,-0.13416596248739596
4.5,11,0.0022383655265395992,0.0022284558764626215,-0.11357295144918808
4.5,11.5,0.0022402637956359058,0.0022402637956359058,-0.092979940410980233
4.5,12,0.0022558862748441218,0.0022541479447193225,-0.068765984409501588
4.5,12.5,0.0022680320938027391,0.0022680320938027391,-0.044552028408022949
4.5,13,0.0022945396451318056,0.0022945396451318056,0.0016771411098689126
5,-1,0.0022140437687184836,0.0022046677562130327,-0.15505943316447091
5,-0.5,0.002215970838411629,0.0021999538977406303,-0.16328040234034086
5,0,0.0022051535615319703,0.0021952400392682273,-0.17150137151621153
5,0.5,0.0022003931759447008,0.0021910160243928346,-0.17886805345889645
5,1,0.0022012224587203925,0.0021875962343290861,-0.1848321673300739
5,1.5,0.0021980675273350955,0.0021853448494332435,-0.18875858258842343
5,2,0.0022042388437390295,0.0021837107647284279,-0.19160842631362177
5,2.5,0.0022136223409850147,0.002183002630310152,-0.19284341273909489
5,3,0.0021983873077181058,0.0021822944958918766,-0.19407839916456721
5,3.5,0.0021815863614736016,0.0021815863614736016,-0.1953133855900388
5,4,0.0022095807561102695,0.0021864315385403629,-0.18686339678560715
5,4.5,0.0022087479690157132,0.0021912767156071237,-0.17841340798117622
5,5,0.0022375367949952862,0.002196121892673885,-0.16996341917674457
5,5.5,0.0022034569670930388,0.0022009670697406463,-0.16151343037231292
5,6,0.0022687762261515139,0.0022058122468074071,-0.15306344156788199
5,6.5,0.0022176366687629828,0.0022106574238741684,-0.14461345276345033
5,7,0.0022272939105232787,0.0022155026009409297,-0.13616346395901865
5,7.5,0.0022387340202483074,0.0022203477780076905,-0.12771347515458775
5,8,0.0022529788164967418,0.0022251929550744514,-0.11926348635015685
5,8.5,0.0022300381321412126,0.0022300381321412126,-0.11081349754572517
5,9,0.0022528472403842204,0.0022443298904821852,-0.085888670999069092
5,9.5,0.0022711777823574927,0.0022586216488231585,-0.060963844452411493
5,10,0.0022850365332509901,0.0022729134071641315,-0.036039017905754651
5,10.5,0.0022901811945170167,0.0022879118339241326,-0.0098817616363128316
5,11,0.0023050019284322236,0.0023050019284322236,0.01992336318579789
5.5,-1,0.0022325554926014872,0.0022325554926014872,-0.10642322090300639
5.5,-0.5,0.0022326227649324009,0.0022288213213231042,-0.11293561561250634
5.5,0,0.0022250871500447212,0.0022250871500447212,-0.11944801032200629
5.5,0.5,0.0022267534312200468,0.0022219817411956075,-0.12486384335486045
5.5,1,0.002233081693478666,0.0022200390063952784,-0.12825197284663439
5.5,1.5,0.0022241269547850209,0.002219330871977003,-0.12948695927210674
5.5,2,0.0022444072873033633,0.0022197154016389809,-0.12881633954161731
5.5,2.5,0.00223597897345784,0.0022211925953812117,-0.12624011365516688
5.5,3,0.0022348070834868725,0.0022258265836717387,-0.11815843807648764
5.5,3.5,0.0022480717495950223,0.0022306717607385,-0.10970844927205597
5.5,4,0.0022608225700733947,0.0022355169378052609,-0.10125846046762507
5.5,4.5,0.0022849131177147424,0.0022403621148720221,-0.092808471663193393
5.5,5,0.0022750431320521201,0.0022452072919387834,-0.084358482858761741
5.5,5.5,0.0022755971196558762,0.0022500524690055443,-0.075908494054330825
5.5,6,0.0022934957059937994,0.0022548976460723051,-0.067458505249899908
5.5,6.5,0.0022958858854627969,0.0022608049693325135,-0.057156133484096455
5.5,7,0.002270936822699663,0.002270234945805243,-0.040710254515656151
5.5,7.5,0.0022886261119485921,0.0022811607123358699,-0.021655717686242831
5.5,8,0.0022920864788664977,0.0022920864788664977,-0.002601180856827999
5.5,8.5,0.002307791574045526,0.002307791574045526,0.024788505135397286
6,-1,0.0022782312441377468,0.0022756510300062432,-0.031264603669111837
6,-0.5,0.0022725575379858639,0.0022660091390341863,-0.048080061524379047
6,0,0.002256367248062129,0.002256367248062129,-0.064895519379647021
6,0.5,0.0023024238710428256,0.0022578444418043602,-0.062319293493195822
6,1,0.0022633579336980153,0.0022593216355465909,-0.059743067606745387
6,1.5,0.0022625309970626768,0.0022607988292888217,-0.057166841720294952
6,2,0.0022796477405778682,0.0022653272231912317,-0.049269322754491925
6,2.5,0.0022926064928228212,0.0022700668058698759,-0.041003490562936472
6,3,0.002285327780034849,0.0022749119829366372,-0.032553501758504806
6,3.5,0.0022987642539638023,0.002279757160003398,-0.024103512954073897
6,4,0.0023421043129182254,0.0022851334101668831,-0.014727332668955956
6,4.5,0.0023194629384450088,0.0022915718065238152,-0.0034987694224662205
6,5,0.0023290148796538796,0.0022995059929386457,0.010338451684998043
6,5.5,0.0023219410969978543,0.002310431759469273,0.029392988514412119
6,6,0.0023291227601736418,0.0023290847951869874,0.061923882806105966
6.5,-1,0.0023187465674109988,0.0023187465674109988,0.04389401356478196
6.5,-0.5,0.0023362186682837223,0.0023092808446255903,0.027385793027029509
6.5,0,0.002335055532467527,0.0023048429539110115,0.019646111620803999
6.5,0.5,0.0023004050631964322,0.0023004050631964322,0.011906430214577733
6.5,1,0.0023142121004242444,0.0023049334570988422,0.01980394918038076
6.5,1.5,0.0023094618510012522,0.0023094618510012522,0.027701468146183787
6.5,2,0.0024542307125992352,0.0023159002473581839,0.038930031392672766
6.5,2.5,0.0023250699492828189,0.0023223386437151161,0.050158594639162501
6.5,3,0.0023287770400720483,0.0023287770400720483,0.061387157885652237
6.5,3.5,0.002350662602587897,0.0023503780163284488,0.099059260476814653
7,-1,0.0023621944411890512,0.0023621944411890512,0.11966710543370528
7,-0.5,0.0023638539453457782,0.0023636238253345247,0.1221599513834111
7,0,0.0023744154717367017,0.0023650532094799982,0.1246527973331169
7,0.5,0.0023664825936254722,0.0023664825936254722,0.12714564328282346
7,1,0.0023716712374699102,0.0023716712374699102,0.13619463814752333
