sample,level,status,iterations,primal_residual,dual_residual,solve_time,psi,max_constraint_violation,affine_fit_residual,gradient_jump_max,gradient_jump_mean,gradient_jump_quantiles,gradient_jump_count,gradient_jump_length,l2_difference,node_count,triangle_count,interior_edge_count
d5_a382,0,solved,50,3.805146499388259e-17,1.4540129550790506e-15,3.158394247293472e-05,-1.4698192089642743,1.6653345369377348e-16,0.06335807722080661,0.022359780751868296,0.011179890375934162,"(0.011179890375934162, 0.02012380267668147, 0.022136182944349613)",1,12.083045973594572,,5,3,2
d5_a382,1,solved,75,7.875262603764775e-12,1.6451841597564853e-09,4.8832967877388e-05,-1.4698192089840973,7.875190495354027e-12,0.047759398677794114,0.022359780757719754,0.0034399662708031564,"(6.265258183967891e-13, 0.017887824605325425, 0.02235978075752598)",2,12.083045973594572,9.991846023099456e-11,12,12,13
d5_a382,2,solved,125,5.287278162097991e-11,3.341708081872533e-09,0.00015129055827856064,-1.4698192086362356,3.470573828323609e-11,0.03957488044967867,0.02235978077912428,0.0014425665050862553,"(3.540087794472017e-12, 2.1307143973062596e-11, 0.02235978076869722)",4,12.083045973594572,1.96554756348785e-10,35,48,62
d5_a382,3,solved,150,3.599182264359265e-10,1.1959497396139073e-08,0.0007208753377199173,-1.4698192120190092,3.0197044864621603e-10,0.03554159929376499,0.0223597815283167,0.0006674561962761255,"(3.758263492081938e-11, 1.672987364205571e-10, 0.022359780864399638)",8,12.083045973594572,3.166940414525944e-09,117,192,268
d5_a382,4,solved,450,3.6747521929283644e-11,7.178909810362516e-11,0.009144417010247707,-1.4698192205373437,3.674763271455106e-11,0.033571857007310975,0.022359780875147606,0.00032172349159155083,"(6.448187322376338e-12, 1.0155260602370687e-10, 0.022359780769364204)",16,12.083045973594572,5.3864711715886545e-09,425,768,1112
d5_a382,5,solved,775,2.4046379031503556e-11,7.209681799052351e-11,0.08218349982053041,-1.469819240026017,2.404629273478065e-11,0.03260203377882297,0.022359781082269506,0.00015801968759484602,"(6.753944226241668e-12, 1.0284969228357533e-10, 3.7168391495488745e-10)",32,12.083045973594572,7.630523266831455e-09,1617,3072,4528
d5_a382,6,solved,2350,6.6971076661095446e-12,3.7473653737366204e-11,1.378214958589524,-1.4698192439859064,6.697309373748794e-12,0.0321210578894588,0.022359781120498308,7.831799344168504e-05,"(3.8524775980989325e-12, 7.55577565204675e-11, 2.182102738082475e-10)",64,12.083045973594572,1.5841391078666727e-09,6305,12288,18272
d5_a382,7,solved,6750,1.7358883105654324e-12,1.1903007537408012e-11,20.39878929173574,-1.4698192454847152,1.7356394099721228e-12,0.031881548260426454,0.022359781136297906,3.898829587734171e-05,"(2.0103849287513503e-12, 4.252738774205144e-11, 1.089985086617156e-10)",128,12.083045973594576,5.778975286214413e-10,24897,49152,73408
d5_a382,8,solved,14100,4.5192496522895906e-13,9.906535600255605e-12,226.6459580832161,-1.4698192468191498,4.520273044761325e-13,0.03176203507760945,0.022359781149469394,1.9451751020172925e-05,"(9.819477490873189e-13, 1.9601389826638495e-11, 5.5632850296686883e-11)",256,12.083045973594576,5.220337269903153e-10,98945,196608,294272
